,ori,data_year,offense,state_abbr,cleared,actual
0,TX0153500,2018,robbery,TX,0,0
1,TX0153500,2018,aggravated-assault,TX,31,31
2,TX0153500,2018,arson,TX,0,0
3,TX0153500,2018,burglary,TX,2,2
4,TX0153500,2018,homicide,TX,0,0
5,TX0153500,2018,human-trafficing,TX,0,0
6,TX0153500,2018,larceny,TX,7,7
7,TX0153500,2018,motor-vehicle-theft,TX,0,0
8,TX0153500,2018,property-crime,TX,9,9
9,TX0153500,2018,rape,TX,0,0
10,TX0153500,2018,rape-legacy,TX,0,0
11,TX0153500,2018,violent-crime,TX,31,31
12,TX0151100,2018,rape-legacy,TX,0,0
13,TX0151100,2018,rape,TX,0,0
14,TX0151100,2018,property-crime,TX,3,24
15,TX0151100,2018,motor-vehicle-theft,TX,2,2
16,TX0151100,2018,larceny,TX,0,17
17,TX0151100,2018,human-trafficing,TX,0,0
18,TX0151100,2018,homicide,TX,0,0
19,TX0151100,2018,burglary,TX,1,5
20,TX0151100,2018,arson,TX,0,0
21,TX0151100,2018,aggravated-assault,TX,0,1
22,TX0151100,2018,violent-crime,TX,0,1
23,TX0151100,2018,robbery,TX,0,0
24,TX0150000,2018,property-crime,TX,536,5166
25,TX0150000,2018,rape,TX,24,166
26,TX0150000,2018,rape-legacy,TX,0,0
27,TX0150000,2018,robbery,TX,12,79
28,TX0150000,2018,violent-crime,TX,210,627
29,TX0150000,2018,arson,TX,22,49
30,TX0150000,2018,burglary,TX,80,975
31,TX0150000,2018,homicide,TX,8,10
32,TX0150000,2018,human-trafficing,TX,0,0
33,TX0150000,2018,larceny,TX,450,3770
34,TX0150000,2018,motor-vehicle-theft,TX,6,421
35,TX0150000,2018,aggravated-assault,TX,166,372
36,TX0151300,2018,arson,TX,0,0
37,TX0151300,2018,violent-crime,TX,3,4
38,TX0151300,2018,robbery,TX,0,0
39,TX0151300,2018,rape-legacy,TX,0,0
40,TX0151300,2018,rape,TX,0,1
41,TX0151300,2018,property-crime,TX,1,43
42,TX0151300,2018,motor-vehicle-theft,TX,0,0
43,TX0151300,2018,larceny,TX,0,28
44,TX0151300,2018,human-trafficing,TX,0,0
45,TX0151300,2018,homicide,TX,0,0
46,TX0151300,2018,burglary,TX,1,15
47,TX0151300,2018,aggravated-assault,TX,3,3
48,TX0150200,2018,aggravated-assault,TX,10,17
49,TX0150200,2018,violent-crime,TX,12,27
50,TX0150200,2018,robbery,TX,2,10
51,TX0150200,2018,rape-legacy,TX,0,0
52,TX0150200,2018,rape,TX,0,0
53,TX0150200,2018,property-crime,TX,175,342
54,TX0150200,2018,motor-vehicle-theft,TX,7,24
55,TX0150200,2018,larceny,TX,166,300
56,TX0150200,2018,human-trafficing,TX,0,0
57,TX0150200,2018,homicide,TX,0,0
58,TX0150200,2018,burglary,TX,2,18
59,TX0150200,2018,arson,TX,0,0
60,TX0151500,2018,aggravated-assault,TX,2,2
61,TX0151500,2018,arson,TX,0,1
62,TX0151500,2018,burglary,TX,1,19
63,TX0151500,2018,homicide,TX,0,0
64,TX0151500,2018,human-trafficing,TX,0,0
65,TX0151500,2018,larceny,TX,28,206
66,TX0151500,2018,motor-vehicle-theft,TX,12,27
67,TX0151500,2018,property-crime,TX,41,252
68,TX0151500,2018,rape,TX,0,1
69,TX0151500,2018,rape-legacy,TX,0,0
70,TX0151500,2018,robbery,TX,2,8
71,TX0151500,2018,violent-crime,TX,4,11
72,TX0150700,2018,violent-crime,TX,0,0
73,TX0150700,2018,rape-legacy,TX,0,0
74,TX0150700,2018,rape,TX,0,0
75,TX0150700,2018,property-crime,TX,2,35
76,TX0150700,2018,motor-vehicle-theft,TX,1,4
77,TX0150700,2018,larceny,TX,0,24
78,TX0150700,2018,human-trafficing,TX,0,0
79,TX0150700,2018,homicide,TX,0,0
80,TX0150700,2018,burglary,TX,1,7
81,TX0150700,2018,arson,TX,0,0
82,TX0150700,2018,aggravated-assault,TX,0,0
83,TX0150700,2018,robbery,TX,0,0
84,TX0150900,2018,homicide,TX,0,0
85,TX0150900,2018,violent-crime,TX,3,30
86,TX0150900,2018,robbery,TX,0,9
87,TX0150900,2018,rape-legacy,TX,0,1
88,TX0150900,2018,rape,TX,0,2
89,TX0150900,2018,property-crime,TX,1,196
90,TX0150900,2018,motor-vehicle-theft,TX,1,35
91,TX0150900,2018,larceny,TX,0,112
92,TX0150900,2018,burglary,TX,0,49
93,TX0150900,2018,aggravated-assault,TX,3,18
94,TX0150900,2018,arson,TX,0,1
95,TX0150900,2018,human-trafficing,TX,0,0
96,TX0152000,2018,rape,TX,0,0
97,TX0152000,2018,rape-legacy,TX,0,0
98,TX0152000,2018,motor-vehicle-theft,TX,0,2
99,TX0152000,2018,human-trafficing,TX,0,0
100,TX0152000,2018,homicide,TX,0,0
101,TX0152000,2018,burglary,TX,0,0
102,TX0152000,2018,robbery,TX,0,0
103,TX0152000,2018,arson,TX,0,0
104,TX0152000,2018,aggravated-assault,TX,0,2
105,TX0152000,2018,property-crime,TX,0,64
106,TX0152000,2018,violent-crime,TX,0,2
107,TX0152000,2018,larceny,TX,0,62
108,TX0151000,2018,rape-legacy,TX,0,1
109,TX0151000,2018,rape,TX,2,2
110,TX0151000,2018,property-crime,TX,111,489
111,TX0151000,2018,motor-vehicle-theft,TX,4,46
112,TX0151000,2018,larceny,TX,105,388
113,TX0151000,2018,human-trafficing,TX,0,0
114,TX0151000,2018,homicide,TX,0,0
115,TX0151000,2018,burglary,TX,2,55
116,TX0151000,2018,arson,TX,0,1
117,TX0151000,2018,aggravated-assault,TX,17,26
118,TX0151000,2018,violent-crime,TX,19,35
119,TX0151000,2018,robbery,TX,0,6
120,TX0152100,2018,rape,TX,0,1
121,TX0152100,2018,violent-crime,TX,3,8
122,TX0152100,2018,robbery,TX,0,0
123,TX0152100,2018,rape-legacy,TX,0,0
124,TX0152100,2018,property-crime,TX,3,111
125,TX0152100,2018,motor-vehicle-theft,TX,0,7
126,TX0152100,2018,larceny,TX,3,100
127,TX0152100,2018,human-trafficing,TX,0,0
128,TX0152100,2018,homicide,TX,0,0
129,TX0152100,2018,burglary,TX,0,4
130,TX0152100,2018,arson,TX,0,0
131,TX0152100,2018,aggravated-assault,TX,3,7
132,TX0151200,2018,rape-legacy,TX,0,0
133,TX0151200,2018,aggravated-assault,TX,2,2
134,TX0151200,2018,arson,TX,0,0
135,TX0151200,2018,burglary,TX,1,6
136,TX0151200,2018,homicide,TX,0,0
137,TX0151200,2018,human-trafficing,TX,0,0
138,TX0151200,2018,larceny,TX,1,16
139,TX0151200,2018,motor-vehicle-theft,TX,0,0
140,TX0151200,2018,property-crime,TX,2,22
141,TX0151200,2018,rape,TX,0,0
142,TX0151200,2018,violent-crime,TX,2,2
143,TX0151200,2018,robbery,TX,0,0
144,TX0150100,2018,rape-legacy,TX,0,0
145,TX0150100,2018,aggravated-assault,TX,4,6
146,TX0150100,2018,arson,TX,0,0
147,TX0150100,2018,burglary,TX,2,12
148,TX0150100,2018,homicide,TX,0,0
149,TX0150100,2018,human-trafficing,TX,0,0
150,TX0150100,2018,larceny,TX,20,116
151,TX0150100,2018,motor-vehicle-theft,TX,1,3
152,TX0150100,2018,property-crime,TX,23,131
153,TX0150100,2018,rape,TX,2,2
154,TX0150100,2018,robbery,TX,1,3
155,TX0150100,2018,violent-crime,TX,7,11
156,TX0152300,2018,rape-legacy,TX,0,0
157,TX0152300,2018,larceny,TX,0,3
158,TX0152300,2018,human-trafficing,TX,0,0
159,TX0152300,2018,homicide,TX,0,0
160,TX0152300,2018,burglary,TX,0,1
161,TX0152300,2018,arson,TX,0,0
162,TX0152300,2018,aggravated-assault,TX,2,2
163,TX0152300,2018,property-crime,TX,1,6
164,TX0152300,2018,rape,TX,0,0
165,TX0152300,2018,violent-crime,TX,2,2
166,TX0152300,2018,motor-vehicle-theft,TX,1,2
167,TX0152300,2018,robbery,TX,0,0
168,TX0151400,2018,robbery,TX,6,20
169,TX0151400,2018,violent-crime,TX,27,63
170,TX0151400,2018,rape-legacy,TX,0,0
171,TX0151400,2018,rape,TX,3,15
172,TX0151400,2018,property-crime,TX,150,546
173,TX0151400,2018,motor-vehicle-theft,TX,7,35
174,TX0151400,2018,larceny,TX,128,391
175,TX0151400,2018,human-trafficing,TX,0,0
176,TX0151400,2018,homicide,TX,0,0
177,TX0151400,2018,burglary,TX,15,120
178,TX0151400,2018,arson,TX,0,3
179,TX0151400,2018,aggravated-assault,TX,18,28
180,TX0150300,2018,violent-crime,TX,5,19
181,TX0150300,2018,aggravated-assault,TX,3,6
182,TX0150300,2018,arson,TX,0,0
183,TX0150300,2018,burglary,TX,3,47
184,TX0150300,2018,homicide,TX,0,1
185,TX0150300,2018,human-trafficing,TX,0,0
186,TX0150300,2018,larceny,TX,88,240
187,TX0150300,2018,motor-vehicle-theft,TX,13,22
188,TX0150300,2018,property-crime,TX,104,309
189,TX0150300,2018,rape,TX,0,3
190,TX0150300,2018,rape-legacy,TX,0,3
191,TX0150300,2018,robbery,TX,2,6
192,TX0151600,2018,larceny,TX,58,428
193,TX0151600,2018,violent-crime,TX,5,42
194,TX0151600,2018,robbery,TX,0,7
195,TX0151600,2018,rape-legacy,TX,0,0
196,TX0151600,2018,rape,TX,2,10
197,TX0151600,2018,property-crime,TX,59,505
198,TX0151600,2018,motor-vehicle-theft,TX,1,39
199,TX0151600,2018,human-trafficing,TX,0,0
200,TX0151600,2018,homicide,TX,0,0
201,TX0151600,2018,burglary,TX,0,38
202,TX0151600,2018,arson,TX,1,3
203,TX0151600,2018,aggravated-assault,TX,3,25
204,TX0150500,2018,violent-crime,TX,38,182
205,TX0150500,2018,arson,TX,1,3
206,TX0150500,2018,burglary,TX,2,95
207,TX0150500,2018,homicide,TX,1,2
208,TX0150500,2018,human-trafficing,TX,0,0
209,TX0150500,2018,larceny,TX,53,338
210,TX0150500,2018,motor-vehicle-theft,TX,13,53
211,TX0150500,2018,property-crime,TX,68,486
212,TX0150500,2018,rape,TX,0,4
213,TX0150500,2018,rape-legacy,TX,0,3
214,TX0150500,2018,robbery,TX,2,11
215,TX0150500,2018,aggravated-assault,TX,35,162
216,TX0157000,2018,rape-legacy,TX,0,0
217,TX0157000,2018,aggravated-assault,TX,0,0
218,TX0157000,2018,robbery,TX,0,0
219,TX0157000,2018,violent-crime,TX,1,1
220,TX0157000,2018,arson,TX,0,0
221,TX0157000,2018,burglary,TX,0,0
222,TX0157000,2018,homicide,TX,0,0
223,TX0157000,2018,human-trafficing,TX,0,0
224,TX0157000,2018,larceny,TX,0,13
225,TX0157000,2018,motor-vehicle-theft,TX,0,0
226,TX0157000,2018,property-crime,TX,0,13
227,TX0157000,2018,rape,TX,1,1
228,TX0151700,2018,rape-legacy,TX,0,0
229,TX0151700,2018,robbery,TX,0,0
230,TX0151700,2018,violent-crime,TX,0,0
231,TX0151700,2018,larceny,TX,8,32
232,TX0151700,2018,human-trafficing,TX,0,0
233,TX0151700,2018,homicide,TX,0,0
234,TX0151700,2018,burglary,TX,0,1
235,TX0151700,2018,arson,TX,0,0
236,TX0151700,2018,aggravated-assault,TX,0,0
237,TX0151700,2018,property-crime,TX,8,35
238,TX0151700,2018,motor-vehicle-theft,TX,0,2
239,TX0151700,2018,rape,TX,0,0
240,TX0151900,2018,violent-crime,TX,4,5
241,TX0151900,2018,human-trafficing,TX,0,0
242,TX0151900,2018,homicide,TX,0,0
243,TX0151900,2018,burglary,TX,1,5
244,TX0151900,2018,aggravated-assault,TX,0,0
245,TX0151900,2018,arson,TX,0,0
246,TX0151900,2018,robbery,TX,0,1
247,TX0151900,2018,rape-legacy,TX,0,0
248,TX0151900,2018,rape,TX,4,4
249,TX0151900,2018,property-crime,TX,11,93
250,TX0151900,2018,motor-vehicle-theft,TX,0,1
251,TX0151900,2018,larceny,TX,10,87
252,TX0150800,2018,arson,TX,0,0
253,TX0150800,2018,violent-crime,TX,0,2
254,TX0150800,2018,robbery,TX,0,1
255,TX0150800,2018,rape-legacy,TX,0,0
256,TX0150800,2018,rape,TX,0,1
257,TX0150800,2018,property-crime,TX,4,71
258,TX0150800,2018,motor-vehicle-theft,TX,0,5
259,TX0150800,2018,larceny,TX,3,61
260,TX0150800,2018,human-trafficing,TX,0,0
261,TX0150800,2018,homicide,TX,0,0
262,TX0150800,2018,burglary,TX,1,5
263,TX0150800,2018,aggravated-assault,TX,0,0
264,TX0153000,2018,burglary,TX,4,17
265,TX0153000,2018,violent-crime,TX,5,6
266,TX0153000,2018,robbery,TX,1,1
267,TX0153000,2018,rape-legacy,TX,0,0
268,TX0153000,2018,rape,TX,1,2
269,TX0153000,2018,property-crime,TX,69,154
270,TX0153000,2018,motor-vehicle-theft,TX,1,4
271,TX0153000,2018,larceny,TX,64,133
272,TX0153000,2018,human-trafficing,TX,0,0
273,TX0153000,2018,homicide,TX,1,1
274,TX0153000,2018,arson,TX,0,0
275,TX0153000,2018,aggravated-assault,TX,2,2
276,TX0210200,2018,rape-legacy,TX,0,0
277,TX0210200,2018,robbery,TX,8,30
278,TX0210200,2018,violent-crime,TX,69,237
279,TX0210200,2018,rape,TX,6,76
280,TX0210200,2018,property-crime,TX,257,2422
281,TX0210200,2018,motor-vehicle-theft,TX,18,149
282,TX0210200,2018,larceny,TX,222,1988
283,TX0210200,2018,human-trafficing,TX,0,0
284,TX0210200,2018,homicide,TX,0,1
285,TX0210200,2018,burglary,TX,17,285
286,TX0210200,2018,aggravated-assault,TX,55,130
287,TX0210200,2018,arson,TX,0,0
288,TX0210000,2018,robbery,TX,0,0
289,TX0210000,2018,rape,TX,1,9
290,TX0210000,2018,property-crime,TX,8,305
291,TX0210000,2018,motor-vehicle-theft,TX,1,31
292,TX0210000,2018,larceny,TX,2,199
293,TX0210000,2018,human-trafficing,TX,0,0
294,TX0210000,2018,homicide,TX,0,1
295,TX0210000,2018,burglary,TX,5,75
296,TX0210000,2018,arson,TX,0,0
297,TX0210000,2018,aggravated-assault,TX,13,37
298,TX0210000,2018,violent-crime,TX,14,47
299,TX0210000,2018,rape-legacy,TX,0,0
300,TX0210400,2018,rape,TX,7,10
301,TX0210400,2018,aggravated-assault,TX,5,6
302,TX0210400,2018,arson,TX,0,0
303,TX0210400,2018,burglary,TX,2,51
304,TX0210400,2018,homicide,TX,0,0
305,TX0210400,2018,human-trafficing,TX,0,0
306,TX0210400,2018,larceny,TX,55,339
307,TX0210400,2018,motor-vehicle-theft,TX,6,11
308,TX0210400,2018,property-crime,TX,63,401
309,TX0210400,2018,rape-legacy,TX,0,0
310,TX0210400,2018,robbery,TX,0,0
311,TX0210400,2018,violent-crime,TX,12,16
312,TX0210100,2018,robbery,TX,15,53
313,TX0210100,2018,aggravated-assault,TX,111,222
314,TX0210100,2018,arson,TX,1,11
315,TX0210100,2018,property-crime,TX,485,2073
316,TX0210100,2018,motor-vehicle-theft,TX,38,139
317,TX0210100,2018,larceny,TX,366,1561
318,TX0210100,2018,human-trafficing,TX,0,0
319,TX0210100,2018,homicide,TX,0,2
320,TX0210100,2018,rape-legacy,TX,0,0
321,TX0210100,2018,burglary,TX,81,373
322,TX0210100,2018,violent-crime,TX,159,332
323,TX0210100,2018,rape,TX,33,55
324,TX0575000,2018,aggravated-assault,TX,8,9
325,TX0575000,2018,arson,TX,0,0
326,TX0575000,2018,burglary,TX,6,9
327,TX0575000,2018,homicide,TX,0,0
328,TX0575000,2018,human-trafficing,TX,0,0
329,TX0575000,2018,larceny,TX,102,329
330,TX0575000,2018,motor-vehicle-theft,TX,2,10
331,TX0575000,2018,property-crime,TX,110,348
332,TX0575000,2018,rape,TX,0,1
333,TX0575000,2018,rape-legacy,TX,0,0
334,TX0575000,2018,robbery,TX,1,2
335,TX0575000,2018,violent-crime,TX,9,12
336,TX0570800,2018,robbery,TX,16,59
337,TX0570800,2018,rape-legacy,TX,0,0
338,TX0570800,2018,rape,TX,10,29
339,TX0570800,2018,property-crime,TX,169,1235
340,TX0570800,2018,motor-vehicle-theft,TX,14,185
341,TX0570800,2018,larceny,TX,135,844
342,TX0570800,2018,human-trafficing,TX,0,0
343,TX0570800,2018,homicide,TX,1,0
344,TX0570800,2018,burglary,TX,20,206
345,TX0570800,2018,arson,TX,1,4
346,TX0570800,2018,aggravated-assault,TX,38,95
347,TX0570800,2018,violent-crime,TX,65,183
348,TX0572800,2018,robbery,TX,0,0
349,TX0572800,2018,burglary,TX,4,10
350,TX0572800,2018,arson,TX,0,0
351,TX0572800,2018,aggravated-assault,TX,1,1
352,TX0572800,2018,homicide,TX,0,0
353,TX0572800,2018,human-trafficing,TX,0,0
354,TX0572800,2018,larceny,TX,12,125
355,TX0572800,2018,motor-vehicle-theft,TX,1,4
356,TX0572800,2018,property-crime,TX,17,139
357,TX0572800,2018,rape,TX,0,1
358,TX0572800,2018,violent-crime,TX,1,2
359,TX0572800,2018,rape-legacy,TX,0,0
360,TX0571500,2018,rape,TX,16,55
361,TX0571500,2018,rape-legacy,TX,0,0
362,TX0571500,2018,robbery,TX,54,218
363,TX0571500,2018,violent-crime,TX,201,510
364,TX0571500,2018,arson,TX,6,11
365,TX0571500,2018,aggravated-assault,TX,121,227
366,TX0571500,2018,burglary,TX,95,712
367,TX0571500,2018,homicide,TX,10,10
368,TX0571500,2018,human-trafficing,TX,0,0
369,TX0571500,2018,larceny,TX,546,4327
370,TX0571500,2018,motor-vehicle-theft,TX,48,720
371,TX0571500,2018,property-crime,TX,689,5759
372,TX0570600,2018,robbery,TX,1,8
373,TX0570600,2018,violent-crime,TX,8,18
374,TX0570600,2018,burglary,TX,1,17
375,TX0570600,2018,arson,TX,0,0
376,TX0570600,2018,aggravated-assault,TX,3,7
377,TX0570600,2018,larceny,TX,15,71
378,TX0570600,2018,human-trafficing,TX,0,0
379,TX0570600,2018,homicide,TX,0,0
380,TX0570600,2018,motor-vehicle-theft,TX,6,18
381,TX0570600,2018,property-crime,TX,22,106
382,TX0570600,2018,rape,TX,4,3
383,TX0570600,2018,rape-legacy,TX,0,0
384,TX0571700,2018,motor-vehicle-theft,TX,8,182
385,TX0571700,2018,larceny,TX,89,659
386,TX0571700,2018,human-trafficing,TX,0,0
387,TX0571700,2018,homicide,TX,4,4
388,TX0571700,2018,aggravated-assault,TX,40,91
389,TX0571700,2018,arson,TX,0,1
390,TX0571700,2018,violent-crime,TX,54,189
391,TX0571700,2018,robbery,TX,4,64
392,TX0571700,2018,rape-legacy,TX,3,15
393,TX0571700,2018,rape,TX,3,15
394,TX0571700,2018,property-crime,TX,103,990
395,TX0571700,2018,burglary,TX,6,149
396,TX0572400,2018,arson,TX,0,0
397,TX0572400,2018,homicide,TX,0,0
398,TX0572400,2018,human-trafficing,TX,0,0
399,TX0572400,2018,larceny,TX,22,247
400,TX0572400,2018,motor-vehicle-theft,TX,4,38
401,TX0572400,2018,property-crime,TX,28,320
402,TX0572400,2018,burglary,TX,2,35
403,TX0572400,2018,aggravated-assault,TX,0,0
404,TX0572400,2018,rape,TX,1,1
405,TX0572400,2018,rape-legacy,TX,1,1
406,TX0572400,2018,robbery,TX,3,4
407,TX0572400,2018,violent-crime,TX,5,6
408,TX0570000,2018,motor-vehicle-theft,TX,2,37
409,TX0570000,2018,violent-crime,TX,33,50
410,TX0570000,2018,aggravated-assault,TX,21,27
411,TX0570000,2018,arson,TX,0,0
412,TX0570000,2018,burglary,TX,2,44
413,TX0570000,2018,homicide,TX,1,1
414,TX0570000,2018,human-trafficing,TX,0,0
415,TX0570000,2018,robbery,TX,1,2
416,TX0570000,2018,rape-legacy,TX,0,0
417,TX0570000,2018,rape,TX,10,20
418,TX0570000,2018,property-crime,TX,13,236
419,TX0570000,2018,larceny,TX,9,155
420,TX0572600,2018,aggravated-assault,TX,1,1
421,TX0572600,2018,property-crime,TX,11,155
422,TX0572600,2018,motor-vehicle-theft,TX,0,12
423,TX0572600,2018,robbery,TX,1,2
424,TX0572600,2018,homicide,TX,0,0
425,TX0572600,2018,burglary,TX,0,0
426,TX0572600,2018,larceny,TX,11,143
427,TX0572600,2018,arson,TX,0,0
428,TX0572600,2018,violent-crime,TX,2,3
429,TX0572600,2018,rape-legacy,TX,0,0
430,TX0572600,2018,rape,TX,0,0
431,TX0572600,2018,human-trafficing,TX,0,0
432,TX0570200,2018,aggravated-assault,TX,44,93
433,TX0570200,2018,burglary,TX,10,118
434,TX0570200,2018,homicide,TX,1,2
435,TX0570200,2018,human-trafficing,TX,0,0
436,TX0570200,2018,larceny,TX,104,584
437,TX0570200,2018,motor-vehicle-theft,TX,11,193
438,TX0570200,2018,property-crime,TX,125,895
439,TX0570200,2018,rape,TX,4,13
440,TX0570200,2018,rape-legacy,TX,4,11
441,TX0570200,2018,robbery,TX,9,53
442,TX0570200,2018,violent-crime,TX,62,172
443,TX0570200,2018,arson,TX,1,3
444,TX0571300,2018,motor-vehicle-theft,TX,7,24
445,TX0571300,2018,burglary,TX,3,28
446,TX0571300,2018,homicide,TX,0,0
447,TX0571300,2018,aggravated-assault,TX,1,1
448,TX0571300,2018,arson,TX,0,0
449,TX0571300,2018,human-trafficing,TX,0,0
450,TX0571300,2018,larceny,TX,4,163
451,TX0571300,2018,property-crime,TX,14,215
452,TX0571300,2018,rape,TX,0,1
453,TX0571300,2018,rape-legacy,TX,0,1
454,TX0571300,2018,robbery,TX,0,2
455,TX0571300,2018,violent-crime,TX,1,5
456,TX0570900,2018,property-crime,TX,173,1253
457,TX0570900,2018,larceny,TX,133,917
458,TX0570900,2018,human-trafficing,TX,0,0
459,TX0570900,2018,homicide,TX,1,1
460,TX0570900,2018,burglary,TX,12,183
461,TX0570900,2018,arson,TX,1,5
462,TX0570900,2018,aggravated-assault,TX,44,97
463,TX0570900,2018,rape,TX,8,17
464,TX0570900,2018,rape-legacy,TX,0,0
465,TX0570900,2018,violent-crime,TX,101,215
466,TX0570900,2018,robbery,TX,48,100
467,TX0570900,2018,motor-vehicle-theft,TX,28,153
468,TX0570100,2018,arson,TX,0,2
469,TX0570100,2018,violent-crime,TX,46,72
470,TX0570100,2018,robbery,TX,8,19
471,TX0570100,2018,rape-legacy,TX,0,0
472,TX0570100,2018,rape,TX,8,13
473,TX0570100,2018,property-crime,TX,227,872
474,TX0570100,2018,motor-vehicle-theft,TX,26,88
475,TX0570100,2018,larceny,TX,190,706
476,TX0570100,2018,human-trafficing,TX,0,0
477,TX0570100,2018,burglary,TX,11,78
478,TX0570100,2018,homicide,TX,0,0
479,TX0570100,2018,aggravated-assault,TX,30,40
480,TX0571400,2018,larceny,TX,23,145
481,TX0571400,2018,violent-crime,TX,5,13
482,TX0571400,2018,human-trafficing,TX,0,0
483,TX0571400,2018,homicide,TX,0,0
484,TX0571400,2018,burglary,TX,11,93
485,TX0571400,2018,aggravated-assault,TX,2,5
486,TX0571400,2018,robbery,TX,3,7
487,TX0571400,2018,rape-legacy,TX,0,0
488,TX0571400,2018,rape,TX,0,1
489,TX0571400,2018,property-crime,TX,36,268
490,TX0571400,2018,motor-vehicle-theft,TX,2,30
491,TX0571400,2018,arson,TX,0,0
492,TX0572500,2018,larceny,TX,7,68
493,TX0572500,2018,robbery,TX,0,2
494,TX0572500,2018,violent-crime,TX,4,9
495,TX0572500,2018,arson,TX,0,0
496,TX0572500,2018,aggravated-assault,TX,4,7
497,TX0572500,2018,burglary,TX,0,16
498,TX0572500,2018,homicide,TX,0,0
499,TX0572500,2018,rape,TX,0,0
500,TX0572500,2018,rape-legacy,TX,0,0
501,TX0572500,2018,property-crime,TX,8,93
502,TX0572500,2018,motor-vehicle-theft,TX,1,9
503,TX0572500,2018,human-trafficing,TX,0,0
504,TX0571000,2018,rape,TX,6,11
505,TX0571000,2018,violent-crime,TX,28,65
506,TX0571000,2018,robbery,TX,6,27
507,TX0571000,2018,rape-legacy,TX,0,0
508,TX0571000,2018,property-crime,TX,92,929
509,TX0571000,2018,motor-vehicle-theft,TX,20,132
510,TX0571000,2018,larceny,TX,60,687
511,TX0571000,2018,human-trafficing,TX,0,0
512,TX0571000,2018,homicide,TX,1,2
513,TX0571000,2018,burglary,TX,12,110
514,TX0571000,2018,arson,TX,0,4
515,TX0571000,2018,aggravated-assault,TX,15,25
516,TX1550600,2018,robbery,TX,1,2
517,TX1550600,2018,motor-vehicle-theft,TX,0,0
518,TX1550600,2018,property-crime,TX,4,34
519,TX1550600,2018,rape,TX,1,1
520,TX1550600,2018,violent-crime,TX,6,8
521,TX1550600,2018,rape-legacy,TX,0,0
522,TX1550600,2018,larceny,TX,2,28
523,TX1550600,2018,human-trafficing,TX,0,0
524,TX1550600,2018,homicide,TX,0,0
525,TX1550600,2018,burglary,TX,2,6
526,TX1550600,2018,arson,TX,0,0
527,TX1550600,2018,aggravated-assault,TX,4,5
528,TX1551700,2018,rape-legacy,TX,0,0
529,TX1551700,2018,aggravated-assault,TX,0,0
530,TX1551700,2018,arson,TX,0,0
531,TX1551700,2018,burglary,TX,0,3
532,TX1551700,2018,homicide,TX,0,0
533,TX1551700,2018,human-trafficing,TX,0,0
534,TX1551700,2018,larceny,TX,0,0
535,TX1551700,2018,motor-vehicle-theft,TX,1,1
536,TX1551700,2018,property-crime,TX,1,4
537,TX1551700,2018,rape,TX,0,0
538,TX1551700,2018,robbery,TX,0,0
539,TX1551700,2018,violent-crime,TX,0,0
540,TX1550000,2018,violent-crime,TX,55,93
541,TX1550000,2018,robbery,TX,1,2
542,TX1550000,2018,arson,TX,3,6
543,TX1550000,2018,aggravated-assault,TX,32,43
544,TX1550000,2018,rape-legacy,TX,10,23
545,TX1550000,2018,rape,TX,11,25
546,TX1550000,2018,property-crime,TX,130,428
547,TX1550000,2018,motor-vehicle-theft,TX,39,64
548,TX1550000,2018,larceny,TX,65,226
549,TX1550000,2018,human-trafficing,TX,0,0
550,TX1550000,2018,homicide,TX,1,0
551,TX1550000,2018,burglary,TX,26,138
552,TX1551100,2018,homicide,TX,0,0
553,TX1551100,2018,human-trafficing,TX,0,0
554,TX1551100,2018,larceny,TX,13,125
555,TX1551100,2018,motor-vehicle-theft,TX,3,8
556,TX1551100,2018,property-crime,TX,20,156
557,TX1551100,2018,violent-crime,TX,13,25
558,TX1551100,2018,arson,TX,0,0
559,TX1551100,2018,rape,TX,1,0
560,TX1551100,2018,rape-legacy,TX,0,0
561,TX1551100,2018,robbery,TX,0,1
562,TX1551100,2018,burglary,TX,4,23
563,TX1551100,2018,aggravated-assault,TX,12,24
564,TX1550400,2018,robbery,TX,1,1
565,TX1550400,2018,aggravated-assault,TX,2,9
566,TX1550400,2018,arson,TX,0,0
567,TX1550400,2018,burglary,TX,2,31
568,TX1550400,2018,homicide,TX,1,1
569,TX1550400,2018,human-trafficing,TX,0,0
570,TX1550400,2018,larceny,TX,58,172
571,TX1550400,2018,motor-vehicle-theft,TX,0,2
572,TX1550400,2018,property-crime,TX,60,205
573,TX1550400,2018,rape,TX,1,7
574,TX1550400,2018,rape-legacy,TX,0,5
575,TX1550400,2018,violent-crime,TX,5,23
576,TX1550200,2018,robbery,TX,0,1
577,TX1550200,2018,aggravated-assault,TX,2,2
578,TX1550200,2018,arson,TX,0,0
579,TX1550200,2018,burglary,TX,1,14
580,TX1550200,2018,homicide,TX,0,0
581,TX1550200,2018,human-trafficing,TX,0,0
582,TX1550200,2018,larceny,TX,4,31
583,TX1550200,2018,motor-vehicle-theft,TX,3,16
584,TX1550200,2018,property-crime,TX,8,61
585,TX1550200,2018,rape,TX,0,1
586,TX1550200,2018,rape-legacy,TX,0,0
587,TX1550200,2018,violent-crime,TX,2,4
588,TX1551300,2018,motor-vehicle-theft,TX,1,2
589,TX1551300,2018,violent-crime,TX,1,8
590,TX1551300,2018,aggravated-assault,TX,1,4
591,TX1551300,2018,arson,TX,0,0
592,TX1551300,2018,burglary,TX,1,8
593,TX1551300,2018,homicide,TX,0,0
594,TX1551300,2018,human-trafficing,TX,0,0
595,TX1551300,2018,larceny,TX,0,30
596,TX1551300,2018,robbery,TX,0,0
597,TX1551300,2018,rape-legacy,TX,0,2
598,TX1551300,2018,rape,TX,0,2
599,TX1551300,2018,property-crime,TX,2,40
600,TX1550700,2018,larceny,TX,10,29
601,TX1550700,2018,aggravated-assault,TX,6,7
602,TX1550700,2018,arson,TX,0,2
603,TX1550700,2018,burglary,TX,2,11
604,TX1550700,2018,homicide,TX,0,0
605,TX1550700,2018,human-trafficing,TX,0,0
606,TX1550700,2018,motor-vehicle-theft,TX,2,5
607,TX1550700,2018,property-crime,TX,14,45
608,TX1550700,2018,rape,TX,6,11
609,TX1550700,2018,rape-legacy,TX,0,0
610,TX1550700,2018,robbery,TX,0,0
611,TX1550700,2018,violent-crime,TX,12,18
612,TX1551800,2018,arson,TX,0,0
613,TX1551800,2018,aggravated-assault,TX,0,0
614,TX1551800,2018,rape-legacy,TX,0,0
615,TX1551800,2018,robbery,TX,0,1
616,TX1551800,2018,violent-crime,TX,0,5
617,TX1551800,2018,property-crime,TX,0,44
618,TX1551800,2018,rape,TX,0,4
619,TX1551800,2018,motor-vehicle-theft,TX,0,3
620,TX1551800,2018,larceny,TX,0,30
621,TX1551800,2018,human-trafficing,TX,0,0
622,TX1551800,2018,homicide,TX,0,0
623,TX1551800,2018,burglary,TX,0,11
624,TX1550500,2018,violent-crime,TX,19,36
625,TX1550500,2018,robbery,TX,1,2
626,TX1550500,2018,rape-legacy,TX,4,6
627,TX1550500,2018,rape,TX,4,8
628,TX1550500,2018,property-crime,TX,12,208
629,TX1550500,2018,motor-vehicle-theft,TX,0,13
630,TX1550500,2018,larceny,TX,10,160
631,TX1550500,2018,human-trafficing,TX,0,0
632,TX1550500,2018,homicide,TX,0,0
633,TX1550500,2018,burglary,TX,2,35
634,TX1550500,2018,arson,TX,0,2
635,TX1550500,2018,aggravated-assault,TX,10,20
636,TX1551600,2018,larceny,TX,1,12
637,TX1551600,2018,arson,TX,0,0
638,TX1551600,2018,aggravated-assault,TX,1,1
639,TX1551600,2018,robbery,TX,0,0
640,TX1551600,2018,violent-crime,TX,1,1
641,TX1551600,2018,human-trafficing,TX,0,0
642,TX1551600,2018,rape-legacy,TX,0,0
643,TX1551600,2018,homicide,TX,0,0
644,TX1551600,2018,burglary,TX,1,2
645,TX1551600,2018,rape,TX,0,0
646,TX1551600,2018,property-crime,TX,2,14
647,TX1551600,2018,motor-vehicle-theft,TX,0,0
648,TX1551400,2018,homicide,TX,0,0
649,TX1551400,2018,property-crime,TX,25,111
650,TX1551400,2018,rape,TX,0,1
651,TX1551400,2018,human-trafficing,TX,0,0
652,TX1551400,2018,rape-legacy,TX,0,1
653,TX1551400,2018,robbery,TX,1,1
654,TX1551400,2018,violent-crime,TX,5,7
655,TX1551400,2018,motor-vehicle-theft,TX,1,5
656,TX1551400,2018,larceny,TX,24,100
657,TX1551400,2018,burglary,TX,0,6
658,TX1551400,2018,aggravated-assault,TX,4,4
659,TX1551400,2018,arson,TX,1,1
660,TX1550100,2018,property-crime,TX,301,660
661,TX1550100,2018,rape,TX,7,16
662,TX1550100,2018,rape-legacy,TX,0,6
663,TX1550100,2018,robbery,TX,6,11
664,TX1550100,2018,larceny,TX,284,544
665,TX1550100,2018,human-trafficing,TX,0,0
666,TX1550100,2018,homicide,TX,0,0
667,TX1550100,2018,burglary,TX,8,77
668,TX1550100,2018,arson,TX,0,1
669,TX1550100,2018,aggravated-assault,TX,62,101
670,TX1550100,2018,violent-crime,TX,75,134
671,TX1550100,2018,motor-vehicle-theft,TX,9,39
672,TX1551200,2018,rape,TX,28,129
673,TX1551200,2018,violent-crime,TX,261,836
674,TX1551200,2018,robbery,TX,23,121
675,TX1551200,2018,rape-legacy,TX,12,83
676,TX1551200,2018,aggravated-assault,TX,195,501
677,TX1551200,2018,property-crime,TX,932,4777
678,TX1551200,2018,motor-vehicle-theft,TX,58,328
679,TX1551200,2018,larceny,TX,764,3350
680,TX1551200,2018,human-trafficing,TX,0,0
681,TX1551200,2018,homicide,TX,3,2
682,TX1551200,2018,burglary,TX,110,1099
683,TX1551200,2018,arson,TX,1,20
684,TX0153500,2018,robbery,TX,0,0
685,TX0153500,2018,aggravated-assault,TX,31,31
686,TX0153500,2018,arson,TX,0,0
687,TX0153500,2018,burglary,TX,2,2
688,TX0153500,2018,homicide,TX,0,0
689,TX0153500,2018,human-trafficing,TX,0,0
690,TX0153500,2018,larceny,TX,7,7
691,TX0153500,2018,motor-vehicle-theft,TX,0,0
692,TX0153500,2018,property-crime,TX,9,9
693,TX0153500,2018,rape,TX,0,0
694,TX0153500,2018,rape-legacy,TX,0,0
695,TX0153500,2018,violent-crime,TX,31,31
696,TX0153500,2019,violent-crime,TX,22,24
697,TX0153500,2019,arson,TX,0,0
698,TX0153500,2019,aggravated-assault,TX,21,24
699,TX0153500,2019,burglary,TX,0,3
700,TX0153500,2019,homicide,TX,0,0
701,TX0153500,2019,human-trafficing,TX,0,0
702,TX0153500,2019,larceny,TX,11,15
703,TX0153500,2019,motor-vehicle-theft,TX,0,0
704,TX0153500,2019,property-crime,TX,11,18
705,TX0153500,2019,rape,TX,0,0
706,TX0153500,2019,rape-legacy,TX,0,0
707,TX0153500,2019,robbery,TX,1,0
708,TX0151100,2018,rape-legacy,TX,0,0
709,TX0151100,2018,rape,TX,0,0
710,TX0151100,2018,property-crime,TX,3,24
711,TX0151100,2018,motor-vehicle-theft,TX,2,2
712,TX0151100,2018,larceny,TX,0,17
713,TX0151100,2018,human-trafficing,TX,0,0
714,TX0151100,2018,homicide,TX,0,0
715,TX0151100,2018,burglary,TX,1,5
716,TX0151100,2018,arson,TX,0,0
717,TX0151100,2018,aggravated-assault,TX,0,1
718,TX0151100,2018,violent-crime,TX,0,1
719,TX0151100,2018,robbery,TX,0,0
720,TX0151100,2019,robbery,TX,0,0
721,TX0151100,2019,arson,TX,0,0
722,TX0151100,2019,burglary,TX,1,8
723,TX0151100,2019,homicide,TX,0,0
724,TX0151100,2019,human-trafficing,TX,0,0
725,TX0151100,2019,larceny,TX,2,23
726,TX0151100,2019,aggravated-assault,TX,0,1
727,TX0151100,2019,motor-vehicle-theft,TX,0,0
728,TX0151100,2019,property-crime,TX,3,31
729,TX0151100,2019,rape,TX,0,0
730,TX0151100,2019,violent-crime,TX,0,1
731,TX0151100,2019,rape-legacy,TX,0,0
732,TX0150000,2018,property-crime,TX,536,5166
733,TX0150000,2018,rape,TX,24,166
734,TX0150000,2018,rape-legacy,TX,0,0
735,TX0150000,2018,robbery,TX,12,79
736,TX0150000,2018,violent-crime,TX,210,627
737,TX0150000,2018,arson,TX,22,49
738,TX0150000,2018,burglary,TX,80,975
739,TX0150000,2018,homicide,TX,8,10
740,TX0150000,2018,human-trafficing,TX,0,0
741,TX0150000,2018,larceny,TX,450,3770
742,TX0150000,2018,motor-vehicle-theft,TX,6,421
743,TX0150000,2018,aggravated-assault,TX,166,372
744,TX0150000,2019,rape-legacy,TX,0,0
745,TX0150000,2019,violent-crime,TX,241,692
746,TX0150000,2019,robbery,TX,13,88
747,TX0150000,2019,rape,TX,15,145
748,TX0150000,2019,property-crime,TX,309,5297
749,TX0150000,2019,motor-vehicle-theft,TX,18,506
750,TX0150000,2019,larceny,TX,273,3801
751,TX0150000,2019,human-trafficing,TX,0,0
752,TX0150000,2019,homicide,TX,8,13
753,TX0150000,2019,burglary,TX,18,990
754,TX0150000,2019,arson,TX,13,39
755,TX0150000,2019,aggravated-assault,TX,205,446
756,TX0151300,2018,arson,TX,0,0
757,TX0151300,2018,violent-crime,TX,3,4
758,TX0151300,2018,robbery,TX,0,0
759,TX0151300,2018,rape-legacy,TX,0,0
760,TX0151300,2018,rape,TX,0,1
761,TX0151300,2018,property-crime,TX,1,43
762,TX0151300,2018,motor-vehicle-theft,TX,0,0
763,TX0151300,2018,larceny,TX,0,28
764,TX0151300,2018,human-trafficing,TX,0,0
765,TX0151300,2018,homicide,TX,0,0
766,TX0151300,2018,burglary,TX,1,15
767,TX0151300,2018,aggravated-assault,TX,3,3
768,TX0151300,2019,arson,TX,0,0
769,TX0151300,2019,burglary,TX,1,52
770,TX0151300,2019,homicide,TX,0,0
771,TX0151300,2019,human-trafficing,TX,0,0
772,TX0151300,2019,larceny,TX,0,28
773,TX0151300,2019,motor-vehicle-theft,TX,1,3
774,TX0151300,2019,property-crime,TX,2,83
775,TX0151300,2019,rape,TX,0,1
776,TX0151300,2019,rape-legacy,TX,0,0
777,TX0151300,2019,robbery,TX,1,1
778,TX0151300,2019,aggravated-assault,TX,0,0
779,TX0151300,2019,violent-crime,TX,1,2
780,TX0150200,2018,aggravated-assault,TX,10,17
781,TX0150200,2018,violent-crime,TX,12,27
782,TX0150200,2018,robbery,TX,2,10
783,TX0150200,2018,rape-legacy,TX,0,0
784,TX0150200,2018,rape,TX,0,0
785,TX0150200,2018,property-crime,TX,175,342
786,TX0150200,2018,motor-vehicle-theft,TX,7,24
787,TX0150200,2018,larceny,TX,166,300
788,TX0150200,2018,human-trafficing,TX,0,0
789,TX0150200,2018,homicide,TX,0,0
790,TX0150200,2018,burglary,TX,2,18
791,TX0150200,2018,arson,TX,0,0
792,TX0150200,2019,arson,TX,0,0
793,TX0150200,2019,violent-crime,TX,18,38
794,TX0150200,2019,robbery,TX,3,8
795,TX0150200,2019,rape-legacy,TX,0,0
796,TX0150200,2019,rape,TX,0,0
797,TX0150200,2019,property-crime,TX,118,304
798,TX0150200,2019,motor-vehicle-theft,TX,7,37
799,TX0150200,2019,larceny,TX,110,244
800,TX0150200,2019,human-trafficing,TX,0,0
801,TX0150200,2019,homicide,TX,1,1
802,TX0150200,2019,burglary,TX,1,23
803,TX0150200,2019,aggravated-assault,TX,14,29
804,TX0151500,2018,aggravated-assault,TX,2,2
805,TX0151500,2018,arson,TX,0,1
806,TX0151500,2018,burglary,TX,1,19
807,TX0151500,2018,homicide,TX,0,0
808,TX0151500,2018,human-trafficing,TX,0,0
809,TX0151500,2018,larceny,TX,28,206
810,TX0151500,2018,motor-vehicle-theft,TX,12,27
811,TX0151500,2018,property-crime,TX,41,252
812,TX0151500,2018,rape,TX,0,1
813,TX0151500,2018,rape-legacy,TX,0,0
814,TX0151500,2018,robbery,TX,2,8
815,TX0151500,2018,violent-crime,TX,4,11
816,TX0151500,2019,burglary,TX,2,16
817,TX0151500,2019,aggravated-assault,TX,3,2
818,TX0151500,2019,violent-crime,TX,4,5
819,TX0151500,2019,robbery,TX,1,2
820,TX0151500,2019,rape-legacy,TX,0,0
821,TX0151500,2019,rape,TX,0,1
822,TX0151500,2019,property-crime,TX,46,222
823,TX0151500,2019,motor-vehicle-theft,TX,7,14
824,TX0151500,2019,larceny,TX,37,192
825,TX0151500,2019,human-trafficing,TX,0,0
826,TX0151500,2019,homicide,TX,0,0
827,TX0151500,2019,arson,TX,0,0
828,TX0150700,2018,violent-crime,TX,0,0
829,TX0150700,2018,rape-legacy,TX,0,0
830,TX0150700,2018,rape,TX,0,0
831,TX0150700,2018,property-crime,TX,2,35
832,TX0150700,2018,motor-vehicle-theft,TX,1,4
833,TX0150700,2018,larceny,TX,0,24
834,TX0150700,2018,human-trafficing,TX,0,0
835,TX0150700,2018,homicide,TX,0,0
836,TX0150700,2018,burglary,TX,1,7
837,TX0150700,2018,arson,TX,0,0
838,TX0150700,2018,aggravated-assault,TX,0,0
839,TX0150700,2018,robbery,TX,0,0
840,TX0150700,2019,property-crime,TX,3,22
841,TX0150700,2019,rape,TX,0,0
842,TX0150700,2019,rape-legacy,TX,0,0
843,TX0150700,2019,robbery,TX,0,0
844,TX0150700,2019,violent-crime,TX,3,3
845,TX0150700,2019,motor-vehicle-theft,TX,1,1
846,TX0150700,2019,larceny,TX,2,18
847,TX0150700,2019,human-trafficing,TX,0,0
848,TX0150700,2019,homicide,TX,0,0
849,TX0150700,2019,burglary,TX,0,3
850,TX0150700,2019,arson,TX,0,0
851,TX0150700,2019,aggravated-assault,TX,3,3
852,TX0150900,2018,homicide,TX,0,0
853,TX0150900,2018,violent-crime,TX,3,30
854,TX0150900,2018,robbery,TX,0,9
855,TX0150900,2018,rape-legacy,TX,0,1
856,TX0150900,2018,rape,TX,0,2
857,TX0150900,2018,property-crime,TX,1,196
858,TX0150900,2018,motor-vehicle-theft,TX,1,35
859,TX0150900,2018,larceny,TX,0,112
860,TX0150900,2018,burglary,TX,0,49
861,TX0150900,2018,aggravated-assault,TX,3,18
862,TX0150900,2018,arson,TX,0,1
863,TX0150900,2018,human-trafficing,TX,0,0
864,TX0150900,2019,motor-vehicle-theft,TX,0,29
865,TX0150900,2019,violent-crime,TX,0,24
866,TX0150900,2019,robbery,TX,0,4
867,TX0150900,2019,rape-legacy,TX,0,2
868,TX0150900,2019,rape,TX,0,2
869,TX0150900,2019,property-crime,TX,0,158
870,TX0150900,2019,larceny,TX,0,76
871,TX0150900,2019,human-trafficing,TX,0,0
872,TX0150900,2019,homicide,TX,0,0
873,TX0150900,2019,burglary,TX,0,53
874,TX0150900,2019,arson,TX,0,1
875,TX0150900,2019,aggravated-assault,TX,0,16
876,TX0152000,2018,rape,TX,0,0
877,TX0152000,2018,rape-legacy,TX,0,0
878,TX0152000,2018,motor-vehicle-theft,TX,0,2
879,TX0152000,2018,human-trafficing,TX,0,0
880,TX0152000,2018,homicide,TX,0,0
881,TX0152000,2018,burglary,TX,0,0
882,TX0152000,2018,robbery,TX,0,0
883,TX0152000,2018,arson,TX,0,0
884,TX0152000,2018,aggravated-assault,TX,0,2
885,TX0152000,2018,property-crime,TX,0,64
886,TX0152000,2018,violent-crime,TX,0,2
887,TX0152000,2018,larceny,TX,0,62
888,TX0152000,2019,rape,TX,0,2
889,TX0152000,2019,arson,TX,1,1
890,TX0152000,2019,burglary,TX,0,6
891,TX0152000,2019,rape-legacy,TX,0,2
892,TX0152000,2019,robbery,TX,0,1
893,TX0152000,2019,violent-crime,TX,0,8
894,TX0152000,2019,aggravated-assault,TX,0,3
895,TX0152000,2019,homicide,TX,0,0
896,TX0152000,2019,human-trafficing,TX,0,0
897,TX0152000,2019,larceny,TX,1,56
898,TX0152000,2019,motor-vehicle-theft,TX,0,0
899,TX0152000,2019,property-crime,TX,1,62
900,TX0151000,2018,rape-legacy,TX,0,1
901,TX0151000,2018,rape,TX,2,2
902,TX0151000,2018,property-crime,TX,111,489
903,TX0151000,2018,motor-vehicle-theft,TX,4,46
904,TX0151000,2018,larceny,TX,105,388
905,TX0151000,2018,human-trafficing,TX,0,0
906,TX0151000,2018,homicide,TX,0,0
907,TX0151000,2018,burglary,TX,2,55
908,TX0151000,2018,arson,TX,0,1
909,TX0151000,2018,aggravated-assault,TX,17,26
910,TX0151000,2018,violent-crime,TX,19,35
911,TX0151000,2018,robbery,TX,0,6
912,TX0151000,2019,rape-legacy,TX,0,0
913,TX0151000,2019,rape,TX,0,0
914,TX0151000,2019,property-crime,TX,108,539
915,TX0151000,2019,motor-vehicle-theft,TX,7,52
916,TX0151000,2019,larceny,TX,95,436
917,TX0151000,2019,human-trafficing,TX,0,0
918,TX0151000,2019,homicide,TX,1,1
919,TX0151000,2019,burglary,TX,6,51
920,TX0151000,2019,arson,TX,0,0
921,TX0151000,2019,aggravated-assault,TX,5,9
922,TX0151000,2019,violent-crime,TX,7,14
923,TX0151000,2019,robbery,TX,1,4
924,TX0152100,2018,rape,TX,0,1
925,TX0152100,2018,violent-crime,TX,3,8
926,TX0152100,2018,robbery,TX,0,0
927,TX0152100,2018,rape-legacy,TX,0,0
928,TX0152100,2018,property-crime,TX,3,111
929,TX0152100,2018,motor-vehicle-theft,TX,0,7
930,TX0152100,2018,larceny,TX,3,100
931,TX0152100,2018,human-trafficing,TX,0,0
932,TX0152100,2018,homicide,TX,0,0
933,TX0152100,2018,burglary,TX,0,4
934,TX0152100,2018,arson,TX,0,0
935,TX0152100,2018,aggravated-assault,TX,3,7
936,TX0152100,2019,rape,TX,0,0
937,TX0152100,2019,violent-crime,TX,0,3
938,TX0152100,2019,arson,TX,0,6
939,TX0152100,2019,burglary,TX,0,9
940,TX0152100,2019,homicide,TX,0,0
941,TX0152100,2019,human-trafficing,TX,0,0
942,TX0152100,2019,larceny,TX,0,111
943,TX0152100,2019,motor-vehicle-theft,TX,0,11
944,TX0152100,2019,property-crime,TX,0,131
945,TX0152100,2019,aggravated-assault,TX,0,2
946,TX0152100,2019,rape-legacy,TX,0,0
947,TX0152100,2019,robbery,TX,0,1
948,TX0151200,2018,rape-legacy,TX,0,0
949,TX0151200,2018,aggravated-assault,TX,2,2
950,TX0151200,2018,arson,TX,0,0
951,TX0151200,2018,burglary,TX,1,6
952,TX0151200,2018,homicide,TX,0,0
953,TX0151200,2018,human-trafficing,TX,0,0
954,TX0151200,2018,larceny,TX,1,16
955,TX0151200,2018,motor-vehicle-theft,TX,0,0
956,TX0151200,2018,property-crime,TX,2,22
957,TX0151200,2018,rape,TX,0,0
958,TX0151200,2018,violent-crime,TX,2,2
959,TX0151200,2018,robbery,TX,0,0
960,TX0151200,2019,rape,TX,0,0
961,TX0151200,2019,violent-crime,TX,2,2
962,TX0151200,2019,robbery,TX,0,0
963,TX0151200,2019,rape-legacy,TX,0,0
964,TX0151200,2019,property-crime,TX,1,20
965,TX0151200,2019,motor-vehicle-theft,TX,0,0
966,TX0151200,2019,larceny,TX,1,16
967,TX0151200,2019,human-trafficing,TX,0,0
968,TX0151200,2019,homicide,TX,0,0
969,TX0151200,2019,burglary,TX,0,4
970,TX0151200,2019,arson,TX,0,0
971,TX0151200,2019,aggravated-assault,TX,2,2
972,TX0150100,2018,rape-legacy,TX,0,0
973,TX0150100,2018,aggravated-assault,TX,4,6
974,TX0150100,2018,arson,TX,0,0
975,TX0150100,2018,burglary,TX,2,12
976,TX0150100,2018,homicide,TX,0,0
977,TX0150100,2018,human-trafficing,TX,0,0
978,TX0150100,2018,larceny,TX,20,116
979,TX0150100,2018,motor-vehicle-theft,TX,1,3
980,TX0150100,2018,property-crime,TX,23,131
981,TX0150100,2018,rape,TX,2,2
982,TX0150100,2018,robbery,TX,1,3
983,TX0150100,2018,violent-crime,TX,7,11
984,TX0150100,2019,human-trafficing,TX,0,0
985,TX0150100,2019,arson,TX,0,0
986,TX0150100,2019,homicide,TX,0,0
987,TX0150100,2019,burglary,TX,3,19
988,TX0150100,2019,aggravated-assault,TX,2,4
989,TX0150100,2019,larceny,TX,8,134
990,TX0150100,2019,motor-vehicle-theft,TX,1,4
991,TX0150100,2019,property-crime,TX,12,157
992,TX0150100,2019,rape,TX,1,1
993,TX0150100,2019,rape-legacy,TX,0,0
994,TX0150100,2019,robbery,TX,1,2
995,TX0150100,2019,violent-crime,TX,4,7
996,TX0152300,2018,rape-legacy,TX,0,0
997,TX0152300,2018,larceny,TX,0,3
998,TX0152300,2018,human-trafficing,TX,0,0
999,TX0152300,2018,homicide,TX,0,0
1000,TX0152300,2018,burglary,TX,0,1
1001,TX0152300,2018,arson,TX,0,0
1002,TX0152300,2018,aggravated-assault,TX,2,2
1003,TX0152300,2018,property-crime,TX,1,6
1004,TX0152300,2018,rape,TX,0,0
1005,TX0152300,2018,violent-crime,TX,2,2
1006,TX0152300,2018,motor-vehicle-theft,TX,1,2
1007,TX0152300,2018,robbery,TX,0,0
1008,TX0151400,2018,robbery,TX,6,20
1009,TX0151400,2018,violent-crime,TX,27,63
1010,TX0151400,2018,rape-legacy,TX,0,0
1011,TX0151400,2018,rape,TX,3,15
1012,TX0151400,2018,property-crime,TX,150,546
1013,TX0151400,2018,motor-vehicle-theft,TX,7,35
1014,TX0151400,2018,larceny,TX,128,391
1015,TX0151400,2018,human-trafficing,TX,0,0
1016,TX0151400,2018,homicide,TX,0,0
1017,TX0151400,2018,burglary,TX,15,120
1018,TX0151400,2018,arson,TX,0,3
1019,TX0151400,2018,aggravated-assault,TX,18,28
1020,TX0151400,2019,arson,TX,2,4
1021,TX0151400,2019,aggravated-assault,TX,26,43
1022,TX0151400,2019,robbery,TX,9,22
1023,TX0151400,2019,violent-crime,TX,35,78
1024,TX0151400,2019,rape-legacy,TX,0,4
1025,TX0151400,2019,rape,TX,0,9
1026,TX0151400,2019,property-crime,TX,162,577
1027,TX0151400,2019,motor-vehicle-theft,TX,6,45
1028,TX0151400,2019,larceny,TX,142,416
1029,TX0151400,2019,human-trafficing,TX,0,0
1030,TX0151400,2019,homicide,TX,0,0
1031,TX0151400,2019,burglary,TX,14,116
1032,TX0150300,2018,violent-crime,TX,5,19
1033,TX0150300,2018,aggravated-assault,TX,3,6
1034,TX0150300,2018,arson,TX,0,0
1035,TX0150300,2018,burglary,TX,3,47
1036,TX0150300,2018,homicide,TX,0,1
1037,TX0150300,2018,human-trafficing,TX,0,0
1038,TX0150300,2018,larceny,TX,88,240
1039,TX0150300,2018,motor-vehicle-theft,TX,13,22
1040,TX0150300,2018,property-crime,TX,104,309
1041,TX0150300,2018,rape,TX,0,3
1042,TX0150300,2018,rape-legacy,TX,0,3
1043,TX0150300,2018,robbery,TX,2,6
1044,TX0150300,2019,burglary,TX,2,39
1045,TX0150300,2019,property-crime,TX,120,290
1046,TX0150300,2019,motor-vehicle-theft,TX,12,24
1047,TX0150300,2019,larceny,TX,106,227
1048,TX0150300,2019,human-trafficing,TX,0,0
1049,TX0150300,2019,homicide,TX,1,1
1050,TX0150300,2019,arson,TX,0,1
1051,TX0150300,2019,aggravated-assault,TX,6,13
1052,TX0150300,2019,rape,TX,0,2
1053,TX0150300,2019,rape-legacy,TX,0,2
1054,TX0150300,2019,robbery,TX,0,1
1055,TX0150300,2019,violent-crime,TX,7,19
1056,TX0151600,2018,larceny,TX,58,428
1057,TX0151600,2018,violent-crime,TX,5,42
1058,TX0151600,2018,robbery,TX,0,7
1059,TX0151600,2018,rape-legacy,TX,0,0
1060,TX0151600,2018,rape,TX,2,10
1061,TX0151600,2018,property-crime,TX,59,505
1062,TX0151600,2018,motor-vehicle-theft,TX,1,39
1063,TX0151600,2018,human-trafficing,TX,0,0
1064,TX0151600,2018,homicide,TX,0,0
1065,TX0151600,2018,burglary,TX,0,38
1066,TX0151600,2018,arson,TX,1,3
1067,TX0151600,2018,aggravated-assault,TX,3,25
1068,TX0151600,2019,aggravated-assault,TX,5,22
1069,TX0151600,2019,robbery,TX,2,9
1070,TX0151600,2019,rape,TX,2,2
1071,TX0151600,2019,violent-crime,TX,9,33
1072,TX0151600,2019,property-crime,TX,101,645
1073,TX0151600,2019,motor-vehicle-theft,TX,0,34
1074,TX0151600,2019,larceny,TX,100,570
1075,TX0151600,2019,human-trafficing,TX,0,0
1076,TX0151600,2019,homicide,TX,0,0
1077,TX0151600,2019,burglary,TX,1,41
1078,TX0151600,2019,arson,TX,1,0
1079,TX0151600,2019,rape-legacy,TX,0,0
1080,TX0150500,2018,violent-crime,TX,38,182
1081,TX0150500,2018,arson,TX,1,3
1082,TX0150500,2018,burglary,TX,2,95
1083,TX0150500,2018,homicide,TX,1,2
1084,TX0150500,2018,human-trafficing,TX,0,0
1085,TX0150500,2018,larceny,TX,53,338
1086,TX0150500,2018,motor-vehicle-theft,TX,13,53
1087,TX0150500,2018,property-crime,TX,68,486
1088,TX0150500,2018,rape,TX,0,4
1089,TX0150500,2018,rape-legacy,TX,0,3
1090,TX0150500,2018,robbery,TX,2,11
1091,TX0150500,2018,aggravated-assault,TX,35,162
1092,TX0150500,2019,arson,TX,0,1
1093,TX0150500,2019,robbery,TX,3,10
1094,TX0150500,2019,burglary,TX,1,54
1095,TX0150500,2019,homicide,TX,0,0
1096,TX0150500,2019,human-trafficing,TX,0,0
1097,TX0150500,2019,aggravated-assault,TX,45,136
1098,TX0150500,2019,larceny,TX,101,360
1099,TX0150500,2019,motor-vehicle-theft,TX,11,46
1100,TX0150500,2019,property-crime,TX,113,460
1101,TX0150500,2019,rape,TX,0,6
1102,TX0150500,2019,rape-legacy,TX,0,5
1103,TX0150500,2019,violent-crime,TX,48,157
1104,TX0157000,2018,rape-legacy,TX,0,0
1105,TX0157000,2018,aggravated-assault,TX,0,0
1106,TX0157000,2018,robbery,TX,0,0
1107,TX0157000,2018,violent-crime,TX,1,1
1108,TX0157000,2018,arson,TX,0,0
1109,TX0157000,2018,burglary,TX,0,0
1110,TX0157000,2018,homicide,TX,0,0
1111,TX0157000,2018,human-trafficing,TX,0,0
1112,TX0157000,2018,larceny,TX,0,13
1113,TX0157000,2018,motor-vehicle-theft,TX,0,0
1114,TX0157000,2018,property-crime,TX,0,13
1115,TX0157000,2018,rape,TX,1,1
1116,TX0157000,2019,aggravated-assault,TX,0,0
1117,TX0157000,2019,burglary,TX,0,0
1118,TX0157000,2019,homicide,TX,0,0
1119,TX0157000,2019,human-trafficing,TX,0,0
1120,TX0157000,2019,larceny,TX,2,11
1121,TX0157000,2019,motor-vehicle-theft,TX,0,0
1122,TX0157000,2019,property-crime,TX,2,11
1123,TX0157000,2019,rape,TX,0,0
1124,TX0157000,2019,rape-legacy,TX,0,0
1125,TX0157000,2019,robbery,TX,0,0
1126,TX0157000,2019,violent-crime,TX,0,0
1127,TX0157000,2019,arson,TX,0,0
1128,TX0151700,2018,rape-legacy,TX,0,0
1129,TX0151700,2018,robbery,TX,0,0
1130,TX0151700,2018,violent-crime,TX,0,0
1131,TX0151700,2018,larceny,TX,8,32
1132,TX0151700,2018,human-trafficing,TX,0,0
1133,TX0151700,2018,homicide,TX,0,0
1134,TX0151700,2018,burglary,TX,0,1
1135,TX0151700,2018,arson,TX,0,0
1136,TX0151700,2018,aggravated-assault,TX,0,0
1137,TX0151700,2018,property-crime,TX,8,35
1138,TX0151700,2018,motor-vehicle-theft,TX,0,2
1139,TX0151700,2018,rape,TX,0,0
1140,TX0151700,2019,homicide,TX,0,0
1141,TX0151700,2019,aggravated-assault,TX,0,0
1142,TX0151700,2019,arson,TX,0,0
1143,TX0151700,2019,burglary,TX,0,1
1144,TX0151700,2019,human-trafficing,TX,0,0
1145,TX0151700,2019,larceny,TX,4,19
1146,TX0151700,2019,motor-vehicle-theft,TX,0,1
1147,TX0151700,2019,property-crime,TX,4,21
1148,TX0151700,2019,rape,TX,0,0
1149,TX0151700,2019,rape-legacy,TX,0,0
1150,TX0151700,2019,robbery,TX,0,0
1151,TX0151700,2019,violent-crime,TX,0,0
1152,TX0151900,2018,violent-crime,TX,4,5
1153,TX0151900,2018,human-trafficing,TX,0,0
1154,TX0151900,2018,homicide,TX,0,0
1155,TX0151900,2018,burglary,TX,1,5
1156,TX0151900,2018,aggravated-assault,TX,0,0
1157,TX0151900,2018,arson,TX,0,0
1158,TX0151900,2018,robbery,TX,0,1
1159,TX0151900,2018,rape-legacy,TX,0,0
1160,TX0151900,2018,rape,TX,4,4
1161,TX0151900,2018,property-crime,TX,11,93
1162,TX0151900,2018,motor-vehicle-theft,TX,0,1
1163,TX0151900,2018,larceny,TX,10,87
1164,TX0151900,2019,rape-legacy,TX,0,0
1165,TX0151900,2019,rape,TX,1,4
1166,TX0151900,2019,property-crime,TX,12,102
1167,TX0151900,2019,motor-vehicle-theft,TX,1,4
1168,TX0151900,2019,larceny,TX,10,95
1169,TX0151900,2019,human-trafficing,TX,0,0
1170,TX0151900,2019,homicide,TX,0,0
1171,TX0151900,2019,burglary,TX,1,3
1172,TX0151900,2019,arson,TX,0,0
1173,TX0151900,2019,aggravated-assault,TX,3,6
1174,TX0151900,2019,robbery,TX,0,0
1175,TX0151900,2019,violent-crime,TX,4,10
1176,TX0150800,2018,arson,TX,0,0
1177,TX0150800,2018,violent-crime,TX,0,2
1178,TX0150800,2018,robbery,TX,0,1
1179,TX0150800,2018,rape-legacy,TX,0,0
1180,TX0150800,2018,rape,TX,0,1
1181,TX0150800,2018,property-crime,TX,4,71
1182,TX0150800,2018,motor-vehicle-theft,TX,0,5
1183,TX0150800,2018,larceny,TX,3,61
1184,TX0150800,2018,human-trafficing,TX,0,0
1185,TX0150800,2018,homicide,TX,0,0
1186,TX0150800,2018,burglary,TX,1,5
1187,TX0150800,2018,aggravated-assault,TX,0,0
1188,TX0150800,2019,homicide,TX,0,0
1189,TX0150800,2019,aggravated-assault,TX,0,0
1190,TX0150800,2019,arson,TX,0,0
1191,TX0150800,2019,burglary,TX,0,3
1192,TX0150800,2019,violent-crime,TX,1,5
1193,TX0150800,2019,robbery,TX,1,3
1194,TX0150800,2019,rape-legacy,TX,0,1
1195,TX0150800,2019,rape,TX,0,1
1196,TX0150800,2019,property-crime,TX,1,31
1197,TX0150800,2019,motor-vehicle-theft,TX,0,5
1198,TX0150800,2019,larceny,TX,1,23
1199,TX0150800,2019,human-trafficing,TX,0,0
1200,TX0153000,2018,burglary,TX,4,17
1201,TX0153000,2018,violent-crime,TX,5,6
1202,TX0153000,2018,robbery,TX,1,1
1203,TX0153000,2018,rape-legacy,TX,0,0
1204,TX0153000,2018,rape,TX,1,2
1205,TX0153000,2018,property-crime,TX,69,154
1206,TX0153000,2018,motor-vehicle-theft,TX,1,4
1207,TX0153000,2018,larceny,TX,64,133
1208,TX0153000,2018,human-trafficing,TX,0,0
1209,TX0153000,2018,homicide,TX,1,1
1210,TX0153000,2018,arson,TX,0,0
1211,TX0153000,2018,aggravated-assault,TX,2,2
1212,TX0153000,2019,violent-crime,TX,0,3
1213,TX0153000,2019,aggravated-assault,TX,0,1
1214,TX0153000,2019,arson,TX,0,1
1215,TX0153000,2019,burglary,TX,1,13
1216,TX0153000,2019,homicide,TX,0,0
1217,TX0153000,2019,human-trafficing,TX,0,0
1218,TX0153000,2019,larceny,TX,24,63
1219,TX0153000,2019,motor-vehicle-theft,TX,1,5
1220,TX0153000,2019,property-crime,TX,26,81
1221,TX0153000,2019,rape,TX,0,1
1222,TX0153000,2019,rape-legacy,TX,0,1
1223,TX0153000,2019,robbery,TX,0,0
1224,TX0210200,2018,rape-legacy,TX,0,0
1225,TX0210200,2018,robbery,TX,8,30
1226,TX0210200,2018,violent-crime,TX,69,237
1227,TX0210200,2018,rape,TX,6,76
1228,TX0210200,2018,property-crime,TX,257,2422
1229,TX0210200,2018,motor-vehicle-theft,TX,18,149
1230,TX0210200,2018,larceny,TX,222,1988
1231,TX0210200,2018,human-trafficing,TX,0,0
1232,TX0210200,2018,homicide,TX,0,1
1233,TX0210200,2018,burglary,TX,17,285
1234,TX0210200,2018,aggravated-assault,TX,55,130
1235,TX0210200,2018,arson,TX,0,0
1236,TX0210200,2019,aggravated-assault,TX,71,133
1237,TX0210200,2019,robbery,TX,12,43
1238,TX0210200,2019,violent-crime,TX,94,250
1239,TX0210200,2019,rape-legacy,TX,3,25
1240,TX0210200,2019,rape,TX,7,48
1241,TX0210200,2019,property-crime,TX,190,2098
1242,TX0210200,2019,motor-vehicle-theft,TX,17,178
1243,TX0210200,2019,larceny,TX,149,1529
1244,TX0210200,2019,human-trafficing,TX,0,0
1245,TX0210200,2019,homicide,TX,1,1
1246,TX0210200,2019,burglary,TX,24,391
1247,TX0210200,2019,arson,TX,0,0
1248,TX0210000,2018,robbery,TX,0,0
1249,TX0210000,2018,rape,TX,1,9
1250,TX0210000,2018,property-crime,TX,8,305
1251,TX0210000,2018,motor-vehicle-theft,TX,1,31
1252,TX0210000,2018,larceny,TX,2,199
1253,TX0210000,2018,human-trafficing,TX,0,0
1254,TX0210000,2018,homicide,TX,0,1
1255,TX0210000,2018,burglary,TX,5,75
1256,TX0210000,2018,arson,TX,0,0
1257,TX0210000,2018,aggravated-assault,TX,13,37
1258,TX0210000,2018,violent-crime,TX,14,47
1259,TX0210000,2018,rape-legacy,TX,0,0
1260,TX0210000,2019,violent-crime,TX,11,29
1261,TX0210000,2019,arson,TX,0,2
1262,TX0210000,2019,aggravated-assault,TX,7,15
1263,TX0210000,2019,burglary,TX,7,93
1264,TX0210000,2019,homicide,TX,0,0
1265,TX0210000,2019,human-trafficing,TX,0,0
1266,TX0210000,2019,larceny,TX,11,200
1267,TX0210000,2019,motor-vehicle-theft,TX,3,13
1268,TX0210000,2019,property-crime,TX,21,306
1269,TX0210000,2019,rape,TX,3,13
1270,TX0210000,2019,rape-legacy,TX,0,0
1271,TX0210000,2019,robbery,TX,1,1
1272,TX0210400,2018,rape,TX,7,10
1273,TX0210400,2018,aggravated-assault,TX,5,6
1274,TX0210400,2018,arson,TX,0,0
1275,TX0210400,2018,burglary,TX,2,51
1276,TX0210400,2018,homicide,TX,0,0
1277,TX0210400,2018,human-trafficing,TX,0,0
1278,TX0210400,2018,larceny,TX,55,339
1279,TX0210400,2018,motor-vehicle-theft,TX,6,11
1280,TX0210400,2018,property-crime,TX,63,401
1281,TX0210400,2018,rape-legacy,TX,0,0
1282,TX0210400,2018,robbery,TX,0,0
1283,TX0210400,2018,violent-crime,TX,12,16
1284,TX0210400,2019,violent-crime,TX,9,13
1285,TX0210400,2019,rape-legacy,TX,0,2
1286,TX0210400,2019,rape,TX,8,5
1287,TX0210400,2019,property-crime,TX,50,413
1288,TX0210400,2019,motor-vehicle-theft,TX,2,29
1289,TX0210400,2019,larceny,TX,44,351
1290,TX0210400,2019,arson,TX,0,0
1291,TX0210400,2019,aggravated-assault,TX,0,3
1292,TX0210400,2019,human-trafficing,TX,0,0
1293,TX0210400,2019,homicide,TX,0,0
1294,TX0210400,2019,burglary,TX,4,33
1295,TX0210400,2019,robbery,TX,1,3
1296,TX0210100,2018,robbery,TX,15,53
1297,TX0210100,2018,aggravated-assault,TX,111,222
1298,TX0210100,2018,arson,TX,1,11
1299,TX0210100,2018,property-crime,TX,485,2073
1300,TX0210100,2018,motor-vehicle-theft,TX,38,139
1301,TX0210100,2018,larceny,TX,366,1561
1302,TX0210100,2018,human-trafficing,TX,0,0
1303,TX0210100,2018,homicide,TX,0,2
1304,TX0210100,2018,rape-legacy,TX,0,0
1305,TX0210100,2018,burglary,TX,81,373
1306,TX0210100,2018,violent-crime,TX,159,332
1307,TX0210100,2018,rape,TX,33,55
1308,TX0210100,2019,robbery,TX,9,57
1309,TX0210100,2019,violent-crime,TX,101,370
1310,TX0210100,2019,aggravated-assault,TX,69,221
1311,TX0210100,2019,rape-legacy,TX,0,0
1312,TX0210100,2019,rape,TX,22,90
1313,TX0210100,2019,property-crime,TX,300,1928
1314,TX0210100,2019,motor-vehicle-theft,TX,17,148
1315,TX0210100,2019,larceny,TX,233,1444
1316,TX0210100,2019,human-trafficing,TX,0,0
1317,TX0210100,2019,homicide,TX,1,2
1318,TX0210100,2019,burglary,TX,50,336
1319,TX0210100,2019,arson,TX,1,9
1320,TX0575000,2018,aggravated-assault,TX,8,9
1321,TX0575000,2018,arson,TX,0,0
1322,TX0575000,2018,burglary,TX,6,9
1323,TX0575000,2018,homicide,TX,0,0
1324,TX0575000,2018,human-trafficing,TX,0,0
1325,TX0575000,2018,larceny,TX,102,329
1326,TX0575000,2018,motor-vehicle-theft,TX,2,10
1327,TX0575000,2018,property-crime,TX,110,348
1328,TX0575000,2018,rape,TX,0,1
1329,TX0575000,2018,rape-legacy,TX,0,0
1330,TX0575000,2018,robbery,TX,1,2
1331,TX0575000,2018,violent-crime,TX,9,12
1332,TX0575000,2019,robbery,TX,2,3
1333,TX0575000,2019,rape-legacy,TX,0,0
1334,TX0575000,2019,rape,TX,0,0
1335,TX0575000,2019,property-crime,TX,86,290
1336,TX0575000,2019,motor-vehicle-theft,TX,5,13
1337,TX0575000,2019,aggravated-assault,TX,7,9
1338,TX0575000,2019,larceny,TX,81,272
1339,TX0575000,2019,human-trafficing,TX,0,0
1340,TX0575000,2019,homicide,TX,0,0
1341,TX0575000,2019,burglary,TX,0,5
1342,TX0575000,2019,arson,TX,0,0
1343,TX0575000,2019,violent-crime,TX,9,12
1344,TX0570800,2018,robbery,TX,16,59
1345,TX0570800,2018,rape-legacy,TX,0,0
1346,TX0570800,2018,rape,TX,10,29
1347,TX0570800,2018,property-crime,TX,169,1235
1348,TX0570800,2018,motor-vehicle-theft,TX,14,185
1349,TX0570800,2018,larceny,TX,135,844
1350,TX0570800,2018,human-trafficing,TX,0,0
1351,TX0570800,2018,homicide,TX,1,0
1352,TX0570800,2018,burglary,TX,20,206
1353,TX0570800,2018,arson,TX,1,4
1354,TX0570800,2018,aggravated-assault,TX,38,95
1355,TX0570800,2018,violent-crime,TX,65,183
1356,TX0570800,2019,aggravated-assault,TX,33,97
1357,TX0570800,2019,arson,TX,1,2
1358,TX0570800,2019,robbery,TX,13,58
1359,TX0570800,2019,violent-crime,TX,53,190
1360,TX0570800,2019,rape,TX,3,18
1361,TX0570800,2019,burglary,TX,8,172
1362,TX0570800,2019,homicide,TX,2,3
1363,TX0570800,2019,human-trafficing,TX,0,0
1364,TX0570800,2019,larceny,TX,80,846
1365,TX0570800,2019,motor-vehicle-theft,TX,8,170
1366,TX0570800,2019,property-crime,TX,96,1188
1367,TX0570800,2019,rape-legacy,TX,2,14
1368,TX0572800,2018,robbery,TX,0,0
1369,TX0572800,2018,burglary,TX,4,10
1370,TX0572800,2018,arson,TX,0,0
1371,TX0572800,2018,aggravated-assault,TX,1,1
1372,TX0572800,2018,homicide,TX,0,0
1373,TX0572800,2018,human-trafficing,TX,0,0
1374,TX0572800,2018,larceny,TX,12,125
1375,TX0572800,2018,motor-vehicle-theft,TX,1,4
1376,TX0572800,2018,property-crime,TX,17,139
1377,TX0572800,2018,rape,TX,0,1
1378,TX0572800,2018,violent-crime,TX,1,2
1379,TX0572800,2018,rape-legacy,TX,0,0
1380,TX0572800,2019,violent-crime,TX,3,7
1381,TX0572800,2019,aggravated-assault,TX,2,2
1382,TX0572800,2019,arson,TX,0,0
1383,TX0572800,2019,burglary,TX,3,7
1384,TX0572800,2019,homicide,TX,0,0
1385,TX0572800,2019,human-trafficing,TX,0,0
1386,TX0572800,2019,larceny,TX,3,115
1387,TX0572800,2019,motor-vehicle-theft,TX,1,2
1388,TX0572800,2019,property-crime,TX,7,124
1389,TX0572800,2019,rape,TX,1,4
1390,TX0572800,2019,rape-legacy,TX,0,1
1391,TX0572800,2019,robbery,TX,0,0
1392,TX0571500,2018,rape,TX,16,55
1393,TX0571500,2018,rape-legacy,TX,0,0
1394,TX0571500,2018,robbery,TX,54,218
1395,TX0571500,2018,violent-crime,TX,201,510
1396,TX0571500,2018,arson,TX,6,11
1397,TX0571500,2018,aggravated-assault,TX,121,227
1398,TX0571500,2018,burglary,TX,95,712
1399,TX0571500,2018,homicide,TX,10,10
1400,TX0571500,2018,human-trafficing,TX,0,0
1401,TX0571500,2018,larceny,TX,546,4327
1402,TX0571500,2018,motor-vehicle-theft,TX,48,720
1403,TX0571500,2018,property-crime,TX,689,5759
1404,TX0571500,2019,larceny,TX,701,4552
1405,TX0571500,2019,human-trafficing,TX,0,0
1406,TX0571500,2019,homicide,TX,6,5
1407,TX0571500,2019,burglary,TX,103,719
1408,TX0571500,2019,aggravated-assault,TX,135,262
1409,TX0571500,2019,motor-vehicle-theft,TX,52,711
1410,TX0571500,2019,violent-crime,TX,230,617
1411,TX0571500,2019,property-crime,TX,856,5982
1412,TX0571500,2019,robbery,TX,67,294
1413,TX0571500,2019,rape-legacy,TX,0,0
1414,TX0571500,2019,rape,TX,22,56
1415,TX0571500,2019,arson,TX,4,12
1416,TX0570600,2018,robbery,TX,1,8
1417,TX0570600,2018,violent-crime,TX,8,18
1418,TX0570600,2018,burglary,TX,1,17
1419,TX0570600,2018,arson,TX,0,0
1420,TX0570600,2018,aggravated-assault,TX,3,7
1421,TX0570600,2018,larceny,TX,15,71
1422,TX0570600,2018,human-trafficing,TX,0,0
1423,TX0570600,2018,homicide,TX,0,0
1424,TX0570600,2018,motor-vehicle-theft,TX,6,18
1425,TX0570600,2018,property-crime,TX,22,106
1426,TX0570600,2018,rape,TX,4,3
1427,TX0570600,2018,rape-legacy,TX,0,0
1428,TX0570600,2019,aggravated-assault,TX,0,1
1429,TX0570600,2019,violent-crime,TX,0,11
1430,TX0570600,2019,robbery,TX,0,8
1431,TX0570600,2019,rape-legacy,TX,0,0
1432,TX0570600,2019,rape,TX,0,2
1433,TX0570600,2019,property-crime,TX,7,31
1434,TX0570600,2019,motor-vehicle-theft,TX,3,4
1435,TX0570600,2019,larceny,TX,4,25
1436,TX0570600,2019,human-trafficing,TX,0,0
1437,TX0570600,2019,homicide,TX,0,0
1438,TX0570600,2019,burglary,TX,0,2
1439,TX0570600,2019,arson,TX,0,0
1440,TX0571700,2018,motor-vehicle-theft,TX,8,182
1441,TX0571700,2018,larceny,TX,89,659
1442,TX0571700,2018,human-trafficing,TX,0,0
1443,TX0571700,2018,homicide,TX,4,4
1444,TX0571700,2018,aggravated-assault,TX,40,91
1445,TX0571700,2018,arson,TX,0,1
1446,TX0571700,2018,violent-crime,TX,54,189
1447,TX0571700,2018,robbery,TX,4,64
1448,TX0571700,2018,rape-legacy,TX,3,15
1449,TX0571700,2018,rape,TX,3,15
1450,TX0571700,2018,property-crime,TX,103,990
1451,TX0571700,2018,burglary,TX,6,149
1452,TX0571700,2019,arson,TX,1,2
1453,TX0571700,2019,aggravated-assault,TX,35,86
1454,TX0571700,2019,violent-crime,TX,45,154
1455,TX0571700,2019,robbery,TX,4,53
1456,TX0571700,2019,burglary,TX,9,155
1457,TX0571700,2019,homicide,TX,0,0
1458,TX0571700,2019,human-trafficing,TX,0,0
1459,TX0571700,2019,motor-vehicle-theft,TX,6,179
1460,TX0571700,2019,rape-legacy,TX,3,7
1461,TX0571700,2019,rape,TX,3,8
1462,TX0571700,2019,property-crime,TX,104,1014
1463,TX0571700,2019,larceny,TX,89,680
1464,TX0572400,2018,arson,TX,0,0
1465,TX0572400,2018,homicide,TX,0,0
1466,TX0572400,2018,human-trafficing,TX,0,0
1467,TX0572400,2018,larceny,TX,22,247
1468,TX0572400,2018,motor-vehicle-theft,TX,4,38
1469,TX0572400,2018,property-crime,TX,28,320
1470,TX0572400,2018,burglary,TX,2,35
1471,TX0572400,2018,aggravated-assault,TX,0,0
1472,TX0572400,2018,rape,TX,1,1
1473,TX0572400,2018,rape-legacy,TX,1,1
1474,TX0572400,2018,robbery,TX,3,4
1475,TX0572400,2018,violent-crime,TX,5,6
1476,TX0572400,2019,rape,TX,1,1
1477,TX0572400,2019,arson,TX,0,0
1478,TX0572400,2019,rape-legacy,TX,0,0
1479,TX0572400,2019,violent-crime,TX,3,6
1480,TX0572400,2019,aggravated-assault,TX,1,2
1481,TX0572400,2019,burglary,TX,0,18
1482,TX0572400,2019,robbery,TX,1,3
1483,TX0572400,2019,motor-vehicle-theft,TX,0,36
1484,TX0572400,2019,human-trafficing,TX,0,0
1485,TX0572400,2019,larceny,TX,2,135
1486,TX0572400,2019,property-crime,TX,2,189
1487,TX0572400,2019,homicide,TX,0,0
1488,TX0570000,2018,motor-vehicle-theft,TX,2,37
1489,TX0570000,2018,violent-crime,TX,33,50
1490,TX0570000,2018,aggravated-assault,TX,21,27
1491,TX0570000,2018,arson,TX,0,0
1492,TX0570000,2018,burglary,TX,2,44
1493,TX0570000,2018,homicide,TX,1,1
1494,TX0570000,2018,human-trafficing,TX,0,0
1495,TX0570000,2018,robbery,TX,1,2
1496,TX0570000,2018,rape-legacy,TX,0,0
1497,TX0570000,2018,rape,TX,10,20
1498,TX0570000,2018,property-crime,TX,13,236
1499,TX0570000,2018,larceny,TX,9,155
1500,TX0570000,2019,burglary,TX,1,54
1501,TX0570000,2019,homicide,TX,0,0
1502,TX0570000,2019,human-trafficing,TX,0,0
1503,TX0570000,2019,aggravated-assault,TX,14,28
1504,TX0570000,2019,larceny,TX,5,206
1505,TX0570000,2019,violent-crime,TX,16,43
1506,TX0570000,2019,robbery,TX,0,4
1507,TX0570000,2019,rape-legacy,TX,0,0
1508,TX0570000,2019,rape,TX,2,11
1509,TX0570000,2019,property-crime,TX,6,307
1510,TX0570000,2019,motor-vehicle-theft,TX,0,47
1511,TX0570000,2019,arson,TX,0,0
1512,TX0572600,2018,aggravated-assault,TX,1,1
1513,TX0572600,2018,property-crime,TX,11,155
1514,TX0572600,2018,motor-vehicle-theft,TX,0,12
1515,TX0572600,2018,robbery,TX,1,2
1516,TX0572600,2018,homicide,TX,0,0
1517,TX0572600,2018,burglary,TX,0,0
1518,TX0572600,2018,larceny,TX,11,143
1519,TX0572600,2018,arson,TX,0,0
1520,TX0572600,2018,violent-crime,TX,2,3
1521,TX0572600,2018,rape-legacy,TX,0,0
1522,TX0572600,2018,rape,TX,0,0
1523,TX0572600,2018,human-trafficing,TX,0,0
1524,TX0572600,2019,burglary,TX,0,5
1525,TX0572600,2019,homicide,TX,0,0
1526,TX0572600,2019,human-trafficing,TX,0,0
1527,TX0572600,2019,larceny,TX,15,219
1528,TX0572600,2019,motor-vehicle-theft,TX,0,4
1529,TX0572600,2019,violent-crime,TX,1,1
1530,TX0572600,2019,aggravated-assault,TX,1,1
1531,TX0572600,2019,property-crime,TX,15,228
1532,TX0572600,2019,rape,TX,0,0
1533,TX0572600,2019,rape-legacy,TX,0,0
1534,TX0572600,2019,robbery,TX,0,0
1535,TX0572600,2019,arson,TX,0,0
1536,TX0570200,2018,aggravated-assault,TX,44,93
1537,TX0570200,2018,burglary,TX,10,118
1538,TX0570200,2018,homicide,TX,1,2
1539,TX0570200,2018,human-trafficing,TX,0,0
1540,TX0570200,2018,larceny,TX,104,584
1541,TX0570200,2018,motor-vehicle-theft,TX,11,193
1542,TX0570200,2018,property-crime,TX,125,895
1543,TX0570200,2018,rape,TX,4,13
1544,TX0570200,2018,rape-legacy,TX,4,11
1545,TX0570200,2018,robbery,TX,9,53
1546,TX0570200,2018,violent-crime,TX,62,172
1547,TX0570200,2018,arson,TX,1,3
1548,TX0570200,2019,rape,TX,9,14
1549,TX0570200,2019,property-crime,TX,177,905
1550,TX0570200,2019,rape-legacy,TX,7,12
1551,TX0570200,2019,robbery,TX,6,33
1552,TX0570200,2019,arson,TX,0,2
1553,TX0570200,2019,burglary,TX,11,100
1554,TX0570200,2019,homicide,TX,1,2
1555,TX0570200,2019,human-trafficing,TX,0,0
1556,TX0570200,2019,larceny,TX,152,581
1557,TX0570200,2019,motor-vehicle-theft,TX,14,224
1558,TX0570200,2019,violent-crime,TX,72,177
1559,TX0570200,2019,aggravated-assault,TX,49,116
1560,TX0571300,2018,motor-vehicle-theft,TX,7,24
1561,TX0571300,2018,burglary,TX,3,28
1562,TX0571300,2018,homicide,TX,0,0
1563,TX0571300,2018,aggravated-assault,TX,1,1
1564,TX0571300,2018,arson,TX,0,0
1565,TX0571300,2018,human-trafficing,TX,0,0
1566,TX0571300,2018,larceny,TX,4,163
1567,TX0571300,2018,property-crime,TX,14,215
1568,TX0571300,2018,rape,TX,0,1
1569,TX0571300,2018,rape-legacy,TX,0,1
1570,TX0571300,2018,robbery,TX,0,2
1571,TX0571300,2018,violent-crime,TX,1,5
1572,TX0571300,2019,rape-legacy,TX,0,3
1573,TX0571300,2019,violent-crime,TX,4,12
1574,TX0571300,2019,robbery,TX,1,1
1575,TX0571300,2019,rape,TX,0,3
1576,TX0571300,2019,property-crime,TX,8,192
1577,TX0571300,2019,motor-vehicle-theft,TX,4,14
1578,TX0571300,2019,larceny,TX,3,143
1579,TX0571300,2019,human-trafficing,TX,0,0
1580,TX0571300,2019,homicide,TX,0,0
1581,TX0571300,2019,burglary,TX,1,35
1582,TX0571300,2019,arson,TX,0,1
1583,TX0571300,2019,aggravated-assault,TX,3,5
1584,TX0570900,2018,property-crime,TX,173,1253
1585,TX0570900,2018,larceny,TX,133,917
1586,TX0570900,2018,human-trafficing,TX,0,0
1587,TX0570900,2018,homicide,TX,1,1
1588,TX0570900,2018,burglary,TX,12,183
1589,TX0570900,2018,arson,TX,1,5
1590,TX0570900,2018,aggravated-assault,TX,44,97
1591,TX0570900,2018,rape,TX,8,17
1592,TX0570900,2018,rape-legacy,TX,0,0
1593,TX0570900,2018,violent-crime,TX,101,215
1594,TX0570900,2018,robbery,TX,48,100
1595,TX0570900,2018,motor-vehicle-theft,TX,28,153
1596,TX0570900,2019,aggravated-assault,TX,24,81
1597,TX0570900,2019,burglary,TX,11,148
1598,TX0570900,2019,homicide,TX,1,1
1599,TX0570900,2019,human-trafficing,TX,0,0
1600,TX0570900,2019,larceny,TX,53,770
1601,TX0570900,2019,motor-vehicle-theft,TX,8,178
1602,TX0570900,2019,property-crime,TX,72,1096
1603,TX0570900,2019,rape-legacy,TX,4,10
1604,TX0570900,2019,rape,TX,4,12
1605,TX0570900,2019,violent-crime,TX,44,184
1606,TX0570900,2019,robbery,TX,11,80
1607,TX0570900,2019,arson,TX,0,0
1608,TX0570100,2018,arson,TX,0,2
1609,TX0570100,2018,violent-crime,TX,46,72
1610,TX0570100,2018,robbery,TX,8,19
1611,TX0570100,2018,rape-legacy,TX,0,0
1612,TX0570100,2018,rape,TX,8,13
1613,TX0570100,2018,property-crime,TX,227,872
1614,TX0570100,2018,motor-vehicle-theft,TX,26,88
1615,TX0570100,2018,larceny,TX,190,706
1616,TX0570100,2018,human-trafficing,TX,0,0
1617,TX0570100,2018,burglary,TX,11,78
1618,TX0570100,2018,homicide,TX,0,0
1619,TX0570100,2018,aggravated-assault,TX,30,40
1620,TX0570100,2019,motor-vehicle-theft,TX,34,114
1621,TX0570100,2019,rape,TX,8,10
1622,TX0570100,2019,larceny,TX,77,499
1623,TX0570100,2019,human-trafficing,TX,0,0
1624,TX0570100,2019,homicide,TX,1,1
1625,TX0570100,2019,burglary,TX,22,89
1626,TX0570100,2019,rape-legacy,TX,0,0
1627,TX0570100,2019,aggravated-assault,TX,35,51
1628,TX0570100,2019,arson,TX,0,1
1629,TX0570100,2019,robbery,TX,5,18
1630,TX0570100,2019,violent-crime,TX,49,80
1631,TX0570100,2019,property-crime,TX,133,702
1632,TX0571400,2018,larceny,TX,23,145
1633,TX0571400,2018,violent-crime,TX,5,13
1634,TX0571400,2018,human-trafficing,TX,0,0
1635,TX0571400,2018,homicide,TX,0,0
1636,TX0571400,2018,burglary,TX,11,93
1637,TX0571400,2018,aggravated-assault,TX,2,5
1638,TX0571400,2018,robbery,TX,3,7
1639,TX0571400,2018,rape-legacy,TX,0,0
1640,TX0571400,2018,rape,TX,0,1
1641,TX0571400,2018,property-crime,TX,36,268
1642,TX0571400,2018,motor-vehicle-theft,TX,2,30
1643,TX0571400,2018,arson,TX,0,0
1644,TX0571400,2019,burglary,TX,5,49
1645,TX0571400,2019,homicide,TX,0,1
1646,TX0571400,2019,arson,TX,0,0
1647,TX0571400,2019,aggravated-assault,TX,5,12
1648,TX0571400,2019,human-trafficing,TX,0,0
1649,TX0571400,2019,larceny,TX,16,122
1650,TX0571400,2019,motor-vehicle-theft,TX,2,41
1651,TX0571400,2019,property-crime,TX,23,212
1652,TX0571400,2019,rape,TX,0,0
1653,TX0571400,2019,rape-legacy,TX,0,0
1654,TX0571400,2019,robbery,TX,2,10
1655,TX0571400,2019,violent-crime,TX,7,23
1656,TX0572500,2018,larceny,TX,7,68
1657,TX0572500,2018,robbery,TX,0,2
1658,TX0572500,2018,violent-crime,TX,4,9
1659,TX0572500,2018,arson,TX,0,0
1660,TX0572500,2018,aggravated-assault,TX,4,7
1661,TX0572500,2018,burglary,TX,0,16
1662,TX0572500,2018,homicide,TX,0,0
1663,TX0572500,2018,rape,TX,0,0
1664,TX0572500,2018,rape-legacy,TX,0,0
1665,TX0572500,2018,property-crime,TX,8,93
1666,TX0572500,2018,motor-vehicle-theft,TX,1,9
1667,TX0572500,2018,human-trafficing,TX,0,0
1668,TX0572500,2019,larceny,TX,12,84
1669,TX0572500,2019,violent-crime,TX,5,8
1670,TX0572500,2019,robbery,TX,2,5
1671,TX0572500,2019,rape-legacy,TX,0,0
1672,TX0572500,2019,rape,TX,0,0
1673,TX0572500,2019,property-crime,TX,15,111
1674,TX0572500,2019,motor-vehicle-theft,TX,3,12
1675,TX0572500,2019,human-trafficing,TX,0,0
1676,TX0572500,2019,homicide,TX,0,0
1677,TX0572500,2019,burglary,TX,0,15
1678,TX0572500,2019,arson,TX,0,1
1679,TX0572500,2019,aggravated-assault,TX,3,3
1680,TX0571000,2018,rape,TX,6,11
1681,TX0571000,2018,violent-crime,TX,28,65
1682,TX0571000,2018,robbery,TX,6,27
1683,TX0571000,2018,rape-legacy,TX,0,0
1684,TX0571000,2018,property-crime,TX,92,929
1685,TX0571000,2018,motor-vehicle-theft,TX,20,132
1686,TX0571000,2018,larceny,TX,60,687
1687,TX0571000,2018,human-trafficing,TX,0,0
1688,TX0571000,2018,homicide,TX,1,2
1689,TX0571000,2018,burglary,TX,12,110
1690,TX0571000,2018,arson,TX,0,4
1691,TX0571000,2018,aggravated-assault,TX,15,25
1692,TX0571000,2019,motor-vehicle-theft,TX,25,173
1693,TX0571000,2019,rape,TX,1,10
1694,TX0571000,2019,rape-legacy,TX,0,2
1695,TX0571000,2019,robbery,TX,5,26
1696,TX0571000,2019,violent-crime,TX,20,65
1697,TX0571000,2019,aggravated-assault,TX,13,26
1698,TX0571000,2019,arson,TX,0,1
1699,TX0571000,2019,property-crime,TX,90,940
1700,TX0571000,2019,human-trafficing,TX,0,0
1701,TX0571000,2019,burglary,TX,15,141
1702,TX0571000,2019,homicide,TX,1,1
1703,TX0571000,2019,larceny,TX,50,626
1704,TX1550600,2018,robbery,TX,1,2
1705,TX1550600,2018,motor-vehicle-theft,TX,0,0
1706,TX1550600,2018,property-crime,TX,4,34
1707,TX1550600,2018,rape,TX,1,1
1708,TX1550600,2018,violent-crime,TX,6,8
1709,TX1550600,2018,rape-legacy,TX,0,0
1710,TX1550600,2018,larceny,TX,2,28
1711,TX1550600,2018,human-trafficing,TX,0,0
1712,TX1550600,2018,homicide,TX,0,0
1713,TX1550600,2018,burglary,TX,2,6
1714,TX1550600,2018,arson,TX,0,0
1715,TX1550600,2018,aggravated-assault,TX,4,5
1716,TX1550600,2019,arson,TX,0,0
1717,TX1550600,2019,property-crime,TX,4,32
1718,TX1550600,2019,burglary,TX,1,1
1719,TX1550600,2019,homicide,TX,0,0
1720,TX1550600,2019,rape-legacy,TX,0,0
1721,TX1550600,2019,robbery,TX,0,0
1722,TX1550600,2019,violent-crime,TX,7,11
1723,TX1550600,2019,motor-vehicle-theft,TX,1,3
1724,TX1550600,2019,human-trafficing,TX,0,0
1725,TX1550600,2019,larceny,TX,2,28
1726,TX1550600,2019,aggravated-assault,TX,7,9
1727,TX1550600,2019,rape,TX,0,2
1728,TX1551700,2018,rape-legacy,TX,0,0
1729,TX1551700,2018,aggravated-assault,TX,0,0
1730,TX1551700,2018,arson,TX,0,0
1731,TX1551700,2018,burglary,TX,0,3
1732,TX1551700,2018,homicide,TX,0,0
1733,TX1551700,2018,human-trafficing,TX,0,0
1734,TX1551700,2018,larceny,TX,0,0
1735,TX1551700,2018,motor-vehicle-theft,TX,1,1
1736,TX1551700,2018,property-crime,TX,1,4
1737,TX1551700,2018,rape,TX,0,0
1738,TX1551700,2018,robbery,TX,0,0
1739,TX1551700,2018,violent-crime,TX,0,0
1740,TX1551700,2019,homicide,TX,0,0
1741,TX1551700,2019,burglary,TX,0,2
1742,TX1551700,2019,arson,TX,0,0
1743,TX1551700,2019,aggravated-assault,TX,1,1
1744,TX1551700,2019,violent-crime,TX,1,1
1745,TX1551700,2019,robbery,TX,0,0
1746,TX1551700,2019,rape-legacy,TX,0,0
1747,TX1551700,2019,rape,TX,0,0
1748,TX1551700,2019,property-crime,TX,0,4
1749,TX1551700,2019,motor-vehicle-theft,TX,0,1
1750,TX1551700,2019,larceny,TX,0,1
1751,TX1551700,2019,human-trafficing,TX,0,0
1752,TX1550000,2018,violent-crime,TX,55,93
1753,TX1550000,2018,robbery,TX,1,2
1754,TX1550000,2018,arson,TX,3,6
1755,TX1550000,2018,aggravated-assault,TX,32,43
1756,TX1550000,2018,rape-legacy,TX,10,23
1757,TX1550000,2018,rape,TX,11,25
1758,TX1550000,2018,property-crime,TX,130,428
1759,TX1550000,2018,motor-vehicle-theft,TX,39,64
1760,TX1550000,2018,larceny,TX,65,226
1761,TX1550000,2018,human-trafficing,TX,0,0
1762,TX1550000,2018,homicide,TX,1,0
1763,TX1550000,2018,burglary,TX,26,138
1764,TX1550000,2019,arson,TX,3,5
1765,TX1550000,2019,violent-crime,TX,57,84
1766,TX1550000,2019,robbery,TX,0,0
1767,TX1550000,2019,rape-legacy,TX,11,15
1768,TX1550000,2019,rape,TX,16,24
1769,TX1550000,2019,property-crime,TX,137,500
1770,TX1550000,2019,motor-vehicle-theft,TX,57,124
1771,TX1550000,2019,larceny,TX,52,227
1772,TX1550000,2019,human-trafficing,TX,0,0
1773,TX1550000,2019,homicide,TX,0,0
1774,TX1550000,2019,burglary,TX,28,149
1775,TX1550000,2019,aggravated-assault,TX,30,45
1776,TX1551100,2018,homicide,TX,0,0
1777,TX1551100,2018,human-trafficing,TX,0,0
1778,TX1551100,2018,larceny,TX,13,125
1779,TX1551100,2018,motor-vehicle-theft,TX,3,8
1780,TX1551100,2018,property-crime,TX,20,156
1781,TX1551100,2018,violent-crime,TX,13,25
1782,TX1551100,2018,arson,TX,0,0
1783,TX1551100,2018,rape,TX,1,0
1784,TX1551100,2018,rape-legacy,TX,0,0
1785,TX1551100,2018,robbery,TX,0,1
1786,TX1551100,2018,burglary,TX,4,23
1787,TX1551100,2018,aggravated-assault,TX,12,24
1788,TX1551100,2019,aggravated-assault,TX,5,18
1789,TX1551100,2019,arson,TX,0,0
1790,TX1551100,2019,burglary,TX,1,26
1791,TX1551100,2019,homicide,TX,0,0
1792,TX1551100,2019,human-trafficing,TX,0,0
1793,TX1551100,2019,larceny,TX,7,118
1794,TX1551100,2019,motor-vehicle-theft,TX,0,1
1795,TX1551100,2019,property-crime,TX,8,145
1796,TX1551100,2019,rape,TX,1,3
1797,TX1551100,2019,violent-crime,TX,7,27
1798,TX1551100,2019,robbery,TX,0,3
1799,TX1551100,2019,rape-legacy,TX,1,3
1800,TX1550400,2018,robbery,TX,1,1
1801,TX1550400,2018,aggravated-assault,TX,2,9
1802,TX1550400,2018,arson,TX,0,0
1803,TX1550400,2018,burglary,TX,2,31
1804,TX1550400,2018,homicide,TX,1,1
1805,TX1550400,2018,human-trafficing,TX,0,0
1806,TX1550400,2018,larceny,TX,58,172
1807,TX1550400,2018,motor-vehicle-theft,TX,0,2
1808,TX1550400,2018,property-crime,TX,60,205
1809,TX1550400,2018,rape,TX,1,7
1810,TX1550400,2018,rape-legacy,TX,0,5
1811,TX1550400,2018,violent-crime,TX,5,23
1812,TX1550400,2019,homicide,TX,0,1
1813,TX1550400,2019,aggravated-assault,TX,5,7
1814,TX1550400,2019,arson,TX,0,0
1815,TX1550400,2019,burglary,TX,6,20
1816,TX1550400,2019,human-trafficing,TX,0,0
1817,TX1550400,2019,larceny,TX,31,107
1818,TX1550400,2019,motor-vehicle-theft,TX,3,12
1819,TX1550400,2019,property-crime,TX,40,139
1820,TX1550400,2019,rape,TX,0,3
1821,TX1550400,2019,rape-legacy,TX,0,2
1822,TX1550400,2019,robbery,TX,1,2
1823,TX1550400,2019,violent-crime,TX,6,15
1824,TX1550200,2018,robbery,TX,0,1
1825,TX1550200,2018,aggravated-assault,TX,2,2
1826,TX1550200,2018,arson,TX,0,0
1827,TX1550200,2018,burglary,TX,1,14
1828,TX1550200,2018,homicide,TX,0,0
1829,TX1550200,2018,human-trafficing,TX,0,0
1830,TX1550200,2018,larceny,TX,4,31
1831,TX1550200,2018,motor-vehicle-theft,TX,3,16
1832,TX1550200,2018,property-crime,TX,8,61
1833,TX1550200,2018,rape,TX,0,1
1834,TX1550200,2018,rape-legacy,TX,0,0
1835,TX1550200,2018,violent-crime,TX,2,4
1836,TX1550200,2019,violent-crime,TX,1,5
1837,TX1550200,2019,aggravated-assault,TX,1,3
1838,TX1550200,2019,robbery,TX,0,2
1839,TX1550200,2019,rape-legacy,TX,0,0
1840,TX1550200,2019,rape,TX,0,0
1841,TX1550200,2019,property-crime,TX,2,60
1842,TX1550200,2019,motor-vehicle-theft,TX,0,7
1843,TX1550200,2019,larceny,TX,2,39
1844,TX1550200,2019,human-trafficing,TX,0,0
1845,TX1550200,2019,homicide,TX,0,0
1846,TX1550200,2019,burglary,TX,0,14
1847,TX1550200,2019,arson,TX,0,0
1848,TX1551300,2018,motor-vehicle-theft,TX,1,2
1849,TX1551300,2018,violent-crime,TX,1,8
1850,TX1551300,2018,aggravated-assault,TX,1,4
1851,TX1551300,2018,arson,TX,0,0
1852,TX1551300,2018,burglary,TX,1,8
1853,TX1551300,2018,homicide,TX,0,0
1854,TX1551300,2018,human-trafficing,TX,0,0
1855,TX1551300,2018,larceny,TX,0,30
1856,TX1551300,2018,robbery,TX,0,0
1857,TX1551300,2018,rape-legacy,TX,0,2
1858,TX1551300,2018,rape,TX,0,2
1859,TX1551300,2018,property-crime,TX,2,40
1860,TX1551300,2019,violent-crime,TX,1,1
1861,TX1551300,2019,robbery,TX,0,0
1862,TX1551300,2019,rape-legacy,TX,0,0
1863,TX1551300,2019,rape,TX,0,0
1864,TX1551300,2019,property-crime,TX,0,17
1865,TX1551300,2019,motor-vehicle-theft,TX,0,2
1866,TX1551300,2019,larceny,TX,0,9
1867,TX1551300,2019,human-trafficing,TX,0,0
1868,TX1551300,2019,homicide,TX,0,0
1869,TX1551300,2019,burglary,TX,0,6
1870,TX1551300,2019,arson,TX,0,0
1871,TX1551300,2019,aggravated-assault,TX,1,1
1872,TX1550700,2018,larceny,TX,10,29
1873,TX1550700,2018,aggravated-assault,TX,6,7
1874,TX1550700,2018,arson,TX,0,2
1875,TX1550700,2018,burglary,TX,2,11
1876,TX1550700,2018,homicide,TX,0,0
1877,TX1550700,2018,human-trafficing,TX,0,0
1878,TX1550700,2018,motor-vehicle-theft,TX,2,5
1879,TX1550700,2018,property-crime,TX,14,45
1880,TX1550700,2018,rape,TX,6,11
1881,TX1550700,2018,rape-legacy,TX,0,0
1882,TX1550700,2018,robbery,TX,0,0
1883,TX1550700,2018,violent-crime,TX,12,18
1884,TX1550700,2019,rape-legacy,TX,0,0
1885,TX1550700,2019,robbery,TX,2,2
1886,TX1550700,2019,aggravated-assault,TX,9,14
1887,TX1550700,2019,arson,TX,0,0
1888,TX1550700,2019,burglary,TX,5,11
1889,TX1550700,2019,homicide,TX,0,0
1890,TX1550700,2019,human-trafficing,TX,0,0
1891,TX1550700,2019,larceny,TX,7,22
1892,TX1550700,2019,motor-vehicle-theft,TX,0,1
1893,TX1550700,2019,property-crime,TX,12,34
1894,TX1550700,2019,rape,TX,1,5
1895,TX1550700,2019,violent-crime,TX,12,21
1896,TX1551800,2018,arson,TX,0,0
1897,TX1551800,2018,aggravated-assault,TX,0,0
1898,TX1551800,2018,rape-legacy,TX,0,0
1899,TX1551800,2018,robbery,TX,0,1
1900,TX1551800,2018,violent-crime,TX,0,5
1901,TX1551800,2018,property-crime,TX,0,44
1902,TX1551800,2018,rape,TX,0,4
1903,TX1551800,2018,motor-vehicle-theft,TX,0,3
1904,TX1551800,2018,larceny,TX,0,30
1905,TX1551800,2018,human-trafficing,TX,0,0
1906,TX1551800,2018,homicide,TX,0,0
1907,TX1551800,2018,burglary,TX,0,11
1908,TX1551800,2019,human-trafficing,TX,0,0
1909,TX1551800,2019,violent-crime,TX,1,6
1910,TX1551800,2019,robbery,TX,0,2
1911,TX1551800,2019,rape-legacy,TX,0,0
1912,TX1551800,2019,rape,TX,0,3
1913,TX1551800,2019,property-crime,TX,1,50
1914,TX1551800,2019,motor-vehicle-theft,TX,0,3
1915,TX1551800,2019,larceny,TX,0,35
1916,TX1551800,2019,homicide,TX,1,1
1917,TX1551800,2019,burglary,TX,1,12
1918,TX1551800,2019,arson,TX,0,0
1919,TX1551800,2019,aggravated-assault,TX,0,0
1920,TX1550500,2018,violent-crime,TX,19,36
1921,TX1550500,2018,robbery,TX,1,2
1922,TX1550500,2018,rape-legacy,TX,4,6
1923,TX1550500,2018,rape,TX,4,8
1924,TX1550500,2018,property-crime,TX,12,208
1925,TX1550500,2018,motor-vehicle-theft,TX,0,13
1926,TX1550500,2018,larceny,TX,10,160
1927,TX1550500,2018,human-trafficing,TX,0,0
1928,TX1550500,2018,homicide,TX,0,0
1929,TX1550500,2018,burglary,TX,2,35
1930,TX1550500,2018,arson,TX,0,2
1931,TX1550500,2018,aggravated-assault,TX,10,20
1932,TX1550500,2019,aggravated-assault,TX,3,6
1933,TX1550500,2019,rape-legacy,TX,4,8
1934,TX1550500,2019,rape,TX,5,9
1935,TX1550500,2019,property-crime,TX,16,194
1936,TX1550500,2019,motor-vehicle-theft,TX,1,13
1937,TX1550500,2019,larceny,TX,11,145
1938,TX1550500,2019,homicide,TX,0,0
1939,TX1550500,2019,burglary,TX,4,36
1940,TX1550500,2019,violent-crime,TX,12,25
1941,TX1550500,2019,arson,TX,0,1
1942,TX1550500,2019,human-trafficing,TX,0,0
1943,TX1550500,2019,robbery,TX,0,2
1944,TX1551600,2018,larceny,TX,1,12
1945,TX1551600,2018,arson,TX,0,0
1946,TX1551600,2018,aggravated-assault,TX,1,1
1947,TX1551600,2018,robbery,TX,0,0
1948,TX1551600,2018,violent-crime,TX,1,1
1949,TX1551600,2018,human-trafficing,TX,0,0
1950,TX1551600,2018,rape-legacy,TX,0,0
1951,TX1551600,2018,homicide,TX,0,0
1952,TX1551600,2018,burglary,TX,1,2
1953,TX1551600,2018,rape,TX,0,0
1954,TX1551600,2018,property-crime,TX,2,14
1955,TX1551600,2018,motor-vehicle-theft,TX,0,0
1956,TX1551600,2019,rape,TX,0,0
1957,TX1551600,2019,aggravated-assault,TX,0,0
1958,TX1551600,2019,arson,TX,0,0
1959,TX1551600,2019,burglary,TX,0,1
1960,TX1551600,2019,homicide,TX,0,0
1961,TX1551600,2019,human-trafficing,TX,0,0
1962,TX1551600,2019,larceny,TX,0,8
1963,TX1551600,2019,motor-vehicle-theft,TX,0,0
1964,TX1551600,2019,property-crime,TX,0,9
1965,TX1551600,2019,violent-crime,TX,0,0
1966,TX1551600,2019,robbery,TX,0,0
1967,TX1551600,2019,rape-legacy,TX,0,0
1968,TX1551400,2018,homicide,TX,0,0
1969,TX1551400,2018,property-crime,TX,25,111
1970,TX1551400,2018,rape,TX,0,1
1971,TX1551400,2018,human-trafficing,TX,0,0
1972,TX1551400,2018,rape-legacy,TX,0,1
1973,TX1551400,2018,robbery,TX,1,1
1974,TX1551400,2018,violent-crime,TX,5,7
1975,TX1551400,2018,motor-vehicle-theft,TX,1,5
1976,TX1551400,2018,larceny,TX,24,100
1977,TX1551400,2018,burglary,TX,0,6
1978,TX1551400,2018,aggravated-assault,TX,4,4
1979,TX1551400,2018,arson,TX,1,1
1980,TX1551400,2019,larceny,TX,12,80
1981,TX1551400,2019,aggravated-assault,TX,8,10
1982,TX1551400,2019,arson,TX,0,0
1983,TX1551400,2019,burglary,TX,1,5
1984,TX1551400,2019,homicide,TX,0,0
1985,TX1551400,2019,human-trafficing,TX,0,0
1986,TX1551400,2019,motor-vehicle-theft,TX,2,6
1987,TX1551400,2019,property-crime,TX,15,91
1988,TX1551400,2019,rape,TX,1,6
1989,TX1551400,2019,rape-legacy,TX,0,5
1990,TX1551400,2019,robbery,TX,0,0
1991,TX1551400,2019,violent-crime,TX,9,21
1992,TX1550100,2018,property-crime,TX,301,660
1993,TX1550100,2018,rape,TX,7,16
1994,TX1550100,2018,rape-legacy,TX,0,6
1995,TX1550100,2018,robbery,TX,6,11
1996,TX1550100,2018,larceny,TX,284,544
1997,TX1550100,2018,human-trafficing,TX,0,0
1998,TX1550100,2018,homicide,TX,0,0
1999,TX1550100,2018,burglary,TX,8,77
2000,TX1550100,2018,arson,TX,0,1
2001,TX1550100,2018,aggravated-assault,TX,62,101
2002,TX1550100,2018,violent-crime,TX,75,134
2003,TX1550100,2018,motor-vehicle-theft,TX,9,39
2004,TX1550100,2019,larceny,TX,267,514
2005,TX1550100,2019,aggravated-assault,TX,37,73
2006,TX1550100,2019,arson,TX,1,3
2007,TX1550100,2019,burglary,TX,3,68
2008,TX1550100,2019,homicide,TX,0,0
2009,TX1550100,2019,human-trafficing,TX,0,0
2010,TX1550100,2019,motor-vehicle-theft,TX,18,58
2011,TX1550100,2019,property-crime,TX,288,640
2012,TX1550100,2019,rape,TX,8,13
2013,TX1550100,2019,rape-legacy,TX,6,11
2014,TX1550100,2019,robbery,TX,8,13
2015,TX1550100,2019,violent-crime,TX,59,110
2016,TX1551200,2018,rape,TX,28,129
2017,TX1551200,2018,violent-crime,TX,261,836
2018,TX1551200,2018,robbery,TX,23,121
2019,TX1551200,2018,rape-legacy,TX,12,83
2020,TX1551200,2018,aggravated-assault,TX,195,501
2021,TX1551200,2018,property-crime,TX,932,4777
2022,TX1551200,2018,motor-vehicle-theft,TX,58,328
2023,TX1551200,2018,larceny,TX,764,3350
2024,TX1551200,2018,human-trafficing,TX,0,0
2025,TX1551200,2018,homicide,TX,3,2
2026,TX1551200,2018,burglary,TX,110,1099
2027,TX1551200,2018,arson,TX,1,20
2028,TX1551200,2019,rape,TX,32,88
2029,TX1551200,2019,violent-crime,TX,293,873
2030,TX1551200,2019,robbery,TX,32,133
2031,TX1551200,2019,rape-legacy,TX,26,74
2032,TX1551200,2019,aggravated-assault,TX,198,568
2033,TX1551200,2019,arson,TX,1,9
2034,TX1551200,2019,burglary,TX,183,784
2035,TX1551200,2019,homicide,TX,5,10
2036,TX1551200,2019,human-trafficing,TX,0,0
2037,TX1551200,2019,larceny,TX,919,3492
2038,TX1551200,2019,motor-vehicle-theft,TX,56,323
2039,TX1551200,2019,property-crime,TX,1158,4599
