,Unnamed: 0,ori,county,name,region,lat,lon,"lat,lon",data_year,offense,state_abbr,cleared,actual
2040,45,TX1550600,MCLENNAN,Lorena Police Department,South,31.549493,-97.201472,"31.549493,-97.201472",2019,arson,TX,0,0
2041,45,TX1550600,MCLENNAN,Lorena Police Department,South,31.549493,-97.201472,"31.549493,-97.201472",2019,property-crime,TX,4,32
2042,45,TX1550600,MCLENNAN,Lorena Police Department,South,31.549493,-97.201472,"31.549493,-97.201472",2019,burglary,TX,1,1
2043,45,TX1550600,MCLENNAN,Lorena Police Department,South,31.549493,-97.201472,"31.549493,-97.201472",2019,homicide,TX,0,0
2044,45,TX1550600,MCLENNAN,Lorena Police Department,South,31.549493,-97.201472,"31.549493,-97.201472",2019,rape-legacy,TX,0,0
2045,45,TX1550600,MCLENNAN,Lorena Police Department,South,31.549493,-97.201472,"31.549493,-97.201472",2019,robbery,TX,0,0
2046,45,TX1550600,MCLENNAN,Lorena Police Department,South,31.549493,-97.201472,"31.549493,-97.201472",2019,violent-crime,TX,7,11
2047,45,TX1550600,MCLENNAN,Lorena Police Department,South,31.549493,-97.201472,"31.549493,-97.201472",2019,motor-vehicle-theft,TX,1,3
2048,45,TX1550600,MCLENNAN,Lorena Police Department,South,31.549493,-97.201472,"31.549493,-97.201472",2019,human-trafficing,TX,0,0
2049,45,TX1550600,MCLENNAN,Lorena Police Department,South,31.549493,-97.201472,"31.549493,-97.201472",2019,larceny,TX,2,28
2050,45,TX1550600,MCLENNAN,Lorena Police Department,South,31.549493,-97.201472,"31.549493,-97.201472",2019,aggravated-assault,TX,7,9
2051,45,TX1550600,MCLENNAN,Lorena Police Department,South,31.549493,-97.201472,"31.549493,-97.201472",2019,rape,TX,0,2
2052,45,TX1550600,MCLENNAN,Lorena Police Department,South,31.549493,-97.201472,"31.549493,-97.201472",2018,robbery,TX,1,2
2053,45,TX1550600,MCLENNAN,Lorena Police Department,South,31.549493,-97.201472,"31.549493,-97.201472",2018,motor-vehicle-theft,TX,0,0
2054,45,TX1550600,MCLENNAN,Lorena Police Department,South,31.549493,-97.201472,"31.549493,-97.201472",2018,property-crime,TX,4,34
2055,45,TX1550600,MCLENNAN,Lorena Police Department,South,31.549493,-97.201472,"31.549493,-97.201472",2018,rape,TX,1,1
2056,45,TX1550600,MCLENNAN,Lorena Police Department,South,31.549493,-97.201472,"31.549493,-97.201472",2018,violent-crime,TX,6,8
2057,45,TX1550600,MCLENNAN,Lorena Police Department,South,31.549493,-97.201472,"31.549493,-97.201472",2018,rape-legacy,TX,0,0
2058,45,TX1550600,MCLENNAN,Lorena Police Department,South,31.549493,-97.201472,"31.549493,-97.201472",2018,larceny,TX,2,28
2059,45,TX1550600,MCLENNAN,Lorena Police Department,South,31.549493,-97.201472,"31.549493,-97.201472",2018,human-trafficing,TX,0,0
2060,45,TX1550600,MCLENNAN,Lorena Police Department,South,31.549493,-97.201472,"31.549493,-97.201472",2018,homicide,TX,0,0
2061,45,TX1550600,MCLENNAN,Lorena Police Department,South,31.549493,-97.201472,"31.549493,-97.201472",2018,burglary,TX,2,6
2062,45,TX1550600,MCLENNAN,Lorena Police Department,South,31.549493,-97.201472,"31.549493,-97.201472",2018,arson,TX,0,0
2063,45,TX1550600,MCLENNAN,Lorena Police Department,South,31.549493,-97.201472,"31.549493,-97.201472",2018,aggravated-assault,TX,4,5
2064,45,TX1550600,MCLENNAN,Lorena Police Department,South,31.549493,-97.201472,"31.549493,-97.201472",2018,robbery,TX,1,2
2065,45,TX1550600,MCLENNAN,Lorena Police Department,South,31.549493,-97.201472,"31.549493,-97.201472",2018,motor-vehicle-theft,TX,0,0
2066,45,TX1550600,MCLENNAN,Lorena Police Department,South,31.549493,-97.201472,"31.549493,-97.201472",2018,property-crime,TX,4,34
2067,45,TX1550600,MCLENNAN,Lorena Police Department,South,31.549493,-97.201472,"31.549493,-97.201472",2018,rape,TX,1,1
2068,45,TX1550600,MCLENNAN,Lorena Police Department,South,31.549493,-97.201472,"31.549493,-97.201472",2018,violent-crime,TX,6,8
2069,45,TX1550600,MCLENNAN,Lorena Police Department,South,31.549493,-97.201472,"31.549493,-97.201472",2018,rape-legacy,TX,0,0
2070,45,TX1550600,MCLENNAN,Lorena Police Department,South,31.549493,-97.201472,"31.549493,-97.201472",2018,larceny,TX,2,28
2071,45,TX1550600,MCLENNAN,Lorena Police Department,South,31.549493,-97.201472,"31.549493,-97.201472",2018,human-trafficing,TX,0,0
2072,45,TX1550600,MCLENNAN,Lorena Police Department,South,31.549493,-97.201472,"31.549493,-97.201472",2018,homicide,TX,0,0
2073,45,TX1550600,MCLENNAN,Lorena Police Department,South,31.549493,-97.201472,"31.549493,-97.201472",2018,burglary,TX,2,6
2074,45,TX1550600,MCLENNAN,Lorena Police Department,South,31.549493,-97.201472,"31.549493,-97.201472",2018,arson,TX,0,0
2075,45,TX1550600,MCLENNAN,Lorena Police Department,South,31.549493,-97.201472,"31.549493,-97.201472",2018,aggravated-assault,TX,4,5
2076,45,TX1550600,MCLENNAN,Lorena Police Department,South,31.549493,-97.201472,"31.549493,-97.201472",2019,arson,TX,0,0
2077,45,TX1550600,MCLENNAN,Lorena Police Department,South,31.549493,-97.201472,"31.549493,-97.201472",2019,property-crime,TX,4,32
2078,45,TX1550600,MCLENNAN,Lorena Police Department,South,31.549493,-97.201472,"31.549493,-97.201472",2019,burglary,TX,1,1
2079,45,TX1550600,MCLENNAN,Lorena Police Department,South,31.549493,-97.201472,"31.549493,-97.201472",2019,homicide,TX,0,0
2080,45,TX1550600,MCLENNAN,Lorena Police Department,South,31.549493,-97.201472,"31.549493,-97.201472",2019,rape-legacy,TX,0,0
2081,45,TX1550600,MCLENNAN,Lorena Police Department,South,31.549493,-97.201472,"31.549493,-97.201472",2019,robbery,TX,0,0
2082,45,TX1550600,MCLENNAN,Lorena Police Department,South,31.549493,-97.201472,"31.549493,-97.201472",2019,violent-crime,TX,7,11
2083,45,TX1550600,MCLENNAN,Lorena Police Department,South,31.549493,-97.201472,"31.549493,-97.201472",2019,motor-vehicle-theft,TX,1,3
2084,45,TX1550600,MCLENNAN,Lorena Police Department,South,31.549493,-97.201472,"31.549493,-97.201472",2019,human-trafficing,TX,0,0
2085,45,TX1550600,MCLENNAN,Lorena Police Department,South,31.549493,-97.201472,"31.549493,-97.201472",2019,larceny,TX,2,28
2086,45,TX1550600,MCLENNAN,Lorena Police Department,South,31.549493,-97.201472,"31.549493,-97.201472",2019,aggravated-assault,TX,7,9
2087,45,TX1550600,MCLENNAN,Lorena Police Department,South,31.549493,-97.201472,"31.549493,-97.201472",2019,rape,TX,0,2
2088,46,TX1551700,MCLENNAN,Riesel Police Department,South,31.549493,-97.201472,"31.549493,-97.201472",2019,homicide,TX,0,0
2089,46,TX1551700,MCLENNAN,Riesel Police Department,South,31.549493,-97.201472,"31.549493,-97.201472",2019,burglary,TX,0,2
2090,46,TX1551700,MCLENNAN,Riesel Police Department,South,31.549493,-97.201472,"31.549493,-97.201472",2019,arson,TX,0,0
2091,46,TX1551700,MCLENNAN,Riesel Police Department,South,31.549493,-97.201472,"31.549493,-97.201472",2019,aggravated-assault,TX,1,1
2092,46,TX1551700,MCLENNAN,Riesel Police Department,South,31.549493,-97.201472,"31.549493,-97.201472",2019,violent-crime,TX,1,1
2093,46,TX1551700,MCLENNAN,Riesel Police Department,South,31.549493,-97.201472,"31.549493,-97.201472",2019,robbery,TX,0,0
2094,46,TX1551700,MCLENNAN,Riesel Police Department,South,31.549493,-97.201472,"31.549493,-97.201472",2019,rape-legacy,TX,0,0
2095,46,TX1551700,MCLENNAN,Riesel Police Department,South,31.549493,-97.201472,"31.549493,-97.201472",2019,rape,TX,0,0
2096,46,TX1551700,MCLENNAN,Riesel Police Department,South,31.549493,-97.201472,"31.549493,-97.201472",2019,property-crime,TX,0,4
2097,46,TX1551700,MCLENNAN,Riesel Police Department,South,31.549493,-97.201472,"31.549493,-97.201472",2019,motor-vehicle-theft,TX,0,1
2098,46,TX1551700,MCLENNAN,Riesel Police Department,South,31.549493,-97.201472,"31.549493,-97.201472",2019,larceny,TX,0,1
2099,46,TX1551700,MCLENNAN,Riesel Police Department,South,31.549493,-97.201472,"31.549493,-97.201472",2019,human-trafficing,TX,0,0
2100,46,TX1551700,MCLENNAN,Riesel Police Department,South,31.549493,-97.201472,"31.549493,-97.201472",2018,rape-legacy,TX,0,0
2101,46,TX1551700,MCLENNAN,Riesel Police Department,South,31.549493,-97.201472,"31.549493,-97.201472",2018,aggravated-assault,TX,0,0
2102,46,TX1551700,MCLENNAN,Riesel Police Department,South,31.549493,-97.201472,"31.549493,-97.201472",2018,arson,TX,0,0
2103,46,TX1551700,MCLENNAN,Riesel Police Department,South,31.549493,-97.201472,"31.549493,-97.201472",2018,burglary,TX,0,3
2104,46,TX1551700,MCLENNAN,Riesel Police Department,South,31.549493,-97.201472,"31.549493,-97.201472",2018,homicide,TX,0,0
2105,46,TX1551700,MCLENNAN,Riesel Police Department,South,31.549493,-97.201472,"31.549493,-97.201472",2018,human-trafficing,TX,0,0
2106,46,TX1551700,MCLENNAN,Riesel Police Department,South,31.549493,-97.201472,"31.549493,-97.201472",2018,larceny,TX,0,0
2107,46,TX1551700,MCLENNAN,Riesel Police Department,South,31.549493,-97.201472,"31.549493,-97.201472",2018,motor-vehicle-theft,TX,1,1
2108,46,TX1551700,MCLENNAN,Riesel Police Department,South,31.549493,-97.201472,"31.549493,-97.201472",2018,property-crime,TX,1,4
2109,46,TX1551700,MCLENNAN,Riesel Police Department,South,31.549493,-97.201472,"31.549493,-97.201472",2018,rape,TX,0,0
2110,46,TX1551700,MCLENNAN,Riesel Police Department,South,31.549493,-97.201472,"31.549493,-97.201472",2018,robbery,TX,0,0
2111,46,TX1551700,MCLENNAN,Riesel Police Department,South,31.549493,-97.201472,"31.549493,-97.201472",2018,violent-crime,TX,0,0
2112,46,TX1551700,MCLENNAN,Riesel Police Department,South,31.549493,-97.201472,"31.549493,-97.201472",2018,rape-legacy,TX,0,0
2113,46,TX1551700,MCLENNAN,Riesel Police Department,South,31.549493,-97.201472,"31.549493,-97.201472",2018,aggravated-assault,TX,0,0
2114,46,TX1551700,MCLENNAN,Riesel Police Department,South,31.549493,-97.201472,"31.549493,-97.201472",2018,arson,TX,0,0
2115,46,TX1551700,MCLENNAN,Riesel Police Department,South,31.549493,-97.201472,"31.549493,-97.201472",2018,burglary,TX,0,3
2116,46,TX1551700,MCLENNAN,Riesel Police Department,South,31.549493,-97.201472,"31.549493,-97.201472",2018,homicide,TX,0,0
2117,46,TX1551700,MCLENNAN,Riesel Police Department,South,31.549493,-97.201472,"31.549493,-97.201472",2018,human-trafficing,TX,0,0
2118,46,TX1551700,MCLENNAN,Riesel Police Department,South,31.549493,-97.201472,"31.549493,-97.201472",2018,larceny,TX,0,0
2119,46,TX1551700,MCLENNAN,Riesel Police Department,South,31.549493,-97.201472,"31.549493,-97.201472",2018,motor-vehicle-theft,TX,1,1
2120,46,TX1551700,MCLENNAN,Riesel Police Department,South,31.549493,-97.201472,"31.549493,-97.201472",2018,property-crime,TX,1,4
2121,46,TX1551700,MCLENNAN,Riesel Police Department,South,31.549493,-97.201472,"31.549493,-97.201472",2018,rape,TX,0,0
2122,46,TX1551700,MCLENNAN,Riesel Police Department,South,31.549493,-97.201472,"31.549493,-97.201472",2018,robbery,TX,0,0
2123,46,TX1551700,MCLENNAN,Riesel Police Department,South,31.549493,-97.201472,"31.549493,-97.201472",2018,violent-crime,TX,0,0
2124,46,TX1551700,MCLENNAN,Riesel Police Department,South,31.549493,-97.201472,"31.549493,-97.201472",2019,homicide,TX,0,0
2125,46,TX1551700,MCLENNAN,Riesel Police Department,South,31.549493,-97.201472,"31.549493,-97.201472",2019,burglary,TX,0,2
2126,46,TX1551700,MCLENNAN,Riesel Police Department,South,31.549493,-97.201472,"31.549493,-97.201472",2019,arson,TX,0,0
2127,46,TX1551700,MCLENNAN,Riesel Police Department,South,31.549493,-97.201472,"31.549493,-97.201472",2019,aggravated-assault,TX,1,1
2128,46,TX1551700,MCLENNAN,Riesel Police Department,South,31.549493,-97.201472,"31.549493,-97.201472",2019,violent-crime,TX,1,1
2129,46,TX1551700,MCLENNAN,Riesel Police Department,South,31.549493,-97.201472,"31.549493,-97.201472",2019,robbery,TX,0,0
2130,46,TX1551700,MCLENNAN,Riesel Police Department,South,31.549493,-97.201472,"31.549493,-97.201472",2019,rape-legacy,TX,0,0
2131,46,TX1551700,MCLENNAN,Riesel Police Department,South,31.549493,-97.201472,"31.549493,-97.201472",2019,rape,TX,0,0
2132,46,TX1551700,MCLENNAN,Riesel Police Department,South,31.549493,-97.201472,"31.549493,-97.201472",2019,property-crime,TX,0,4
2133,46,TX1551700,MCLENNAN,Riesel Police Department,South,31.549493,-97.201472,"31.549493,-97.201472",2019,motor-vehicle-theft,TX,0,1
2134,46,TX1551700,MCLENNAN,Riesel Police Department,South,31.549493,-97.201472,"31.549493,-97.201472",2019,larceny,TX,0,1
2135,46,TX1551700,MCLENNAN,Riesel Police Department,South,31.549493,-97.201472,"31.549493,-97.201472",2019,human-trafficing,TX,0,0
2136,47,TX1550000,MCLENNAN,McLennan County Sheriff's Office,South,31.554470000000002,-97.1364,"31.55447,-97.1364",2019,arson,TX,3,5
2137,47,TX1550000,MCLENNAN,McLennan County Sheriff's Office,South,31.554470000000002,-97.1364,"31.55447,-97.1364",2019,violent-crime,TX,57,84
2138,47,TX1550000,MCLENNAN,McLennan County Sheriff's Office,South,31.554470000000002,-97.1364,"31.55447,-97.1364",2019,robbery,TX,0,0
2139,47,TX1550000,MCLENNAN,McLennan County Sheriff's Office,South,31.554470000000002,-97.1364,"31.55447,-97.1364",2019,rape-legacy,TX,11,15
2140,47,TX1550000,MCLENNAN,McLennan County Sheriff's Office,South,31.554470000000002,-97.1364,"31.55447,-97.1364",2019,rape,TX,16,24
2141,47,TX1550000,MCLENNAN,McLennan County Sheriff's Office,South,31.554470000000002,-97.1364,"31.55447,-97.1364",2019,property-crime,TX,137,500
2142,47,TX1550000,MCLENNAN,McLennan County Sheriff's Office,South,31.554470000000002,-97.1364,"31.55447,-97.1364",2019,motor-vehicle-theft,TX,57,124
2143,47,TX1550000,MCLENNAN,McLennan County Sheriff's Office,South,31.554470000000002,-97.1364,"31.55447,-97.1364",2019,larceny,TX,52,227
2144,47,TX1550000,MCLENNAN,McLennan County Sheriff's Office,South,31.554470000000002,-97.1364,"31.55447,-97.1364",2019,human-trafficing,TX,0,0
2145,47,TX1550000,MCLENNAN,McLennan County Sheriff's Office,South,31.554470000000002,-97.1364,"31.55447,-97.1364",2019,homicide,TX,0,0
2146,47,TX1550000,MCLENNAN,McLennan County Sheriff's Office,South,31.554470000000002,-97.1364,"31.55447,-97.1364",2019,burglary,TX,28,149
2147,47,TX1550000,MCLENNAN,McLennan County Sheriff's Office,South,31.554470000000002,-97.1364,"31.55447,-97.1364",2019,aggravated-assault,TX,30,45
2148,47,TX1550000,MCLENNAN,McLennan County Sheriff's Office,South,31.554470000000002,-97.1364,"31.55447,-97.1364",2018,violent-crime,TX,55,93
2149,47,TX1550000,MCLENNAN,McLennan County Sheriff's Office,South,31.554470000000002,-97.1364,"31.55447,-97.1364",2018,robbery,TX,1,2
2150,47,TX1550000,MCLENNAN,McLennan County Sheriff's Office,South,31.554470000000002,-97.1364,"31.55447,-97.1364",2018,arson,TX,3,6
2151,47,TX1550000,MCLENNAN,McLennan County Sheriff's Office,South,31.554470000000002,-97.1364,"31.55447,-97.1364",2018,aggravated-assault,TX,32,43
2152,47,TX1550000,MCLENNAN,McLennan County Sheriff's Office,South,31.554470000000002,-97.1364,"31.55447,-97.1364",2018,rape-legacy,TX,10,23
2153,47,TX1550000,MCLENNAN,McLennan County Sheriff's Office,South,31.554470000000002,-97.1364,"31.55447,-97.1364",2018,rape,TX,11,25
2154,47,TX1550000,MCLENNAN,McLennan County Sheriff's Office,South,31.554470000000002,-97.1364,"31.55447,-97.1364",2018,property-crime,TX,130,428
2155,47,TX1550000,MCLENNAN,McLennan County Sheriff's Office,South,31.554470000000002,-97.1364,"31.55447,-97.1364",2018,motor-vehicle-theft,TX,39,64
2156,47,TX1550000,MCLENNAN,McLennan County Sheriff's Office,South,31.554470000000002,-97.1364,"31.55447,-97.1364",2018,larceny,TX,65,226
2157,47,TX1550000,MCLENNAN,McLennan County Sheriff's Office,South,31.554470000000002,-97.1364,"31.55447,-97.1364",2018,human-trafficing,TX,0,0
2158,47,TX1550000,MCLENNAN,McLennan County Sheriff's Office,South,31.554470000000002,-97.1364,"31.55447,-97.1364",2018,homicide,TX,1,0
2159,47,TX1550000,MCLENNAN,McLennan County Sheriff's Office,South,31.554470000000002,-97.1364,"31.55447,-97.1364",2018,burglary,TX,26,138
2160,47,TX1550000,MCLENNAN,McLennan County Sheriff's Office,South,31.554470000000002,-97.1364,"31.55447,-97.1364",2018,violent-crime,TX,55,93
2161,47,TX1550000,MCLENNAN,McLennan County Sheriff's Office,South,31.554470000000002,-97.1364,"31.55447,-97.1364",2018,robbery,TX,1,2
2162,47,TX1550000,MCLENNAN,McLennan County Sheriff's Office,South,31.554470000000002,-97.1364,"31.55447,-97.1364",2018,arson,TX,3,6
2163,47,TX1550000,MCLENNAN,McLennan County Sheriff's Office,South,31.554470000000002,-97.1364,"31.55447,-97.1364",2018,aggravated-assault,TX,32,43
2164,47,TX1550000,MCLENNAN,McLennan County Sheriff's Office,South,31.554470000000002,-97.1364,"31.55447,-97.1364",2018,rape-legacy,TX,10,23
2165,47,TX1550000,MCLENNAN,McLennan County Sheriff's Office,South,31.554470000000002,-97.1364,"31.55447,-97.1364",2018,rape,TX,11,25
2166,47,TX1550000,MCLENNAN,McLennan County Sheriff's Office,South,31.554470000000002,-97.1364,"31.55447,-97.1364",2018,property-crime,TX,130,428
2167,47,TX1550000,MCLENNAN,McLennan County Sheriff's Office,South,31.554470000000002,-97.1364,"31.55447,-97.1364",2018,motor-vehicle-theft,TX,39,64
2168,47,TX1550000,MCLENNAN,McLennan County Sheriff's Office,South,31.554470000000002,-97.1364,"31.55447,-97.1364",2018,larceny,TX,65,226
2169,47,TX1550000,MCLENNAN,McLennan County Sheriff's Office,South,31.554470000000002,-97.1364,"31.55447,-97.1364",2018,human-trafficing,TX,0,0
2170,47,TX1550000,MCLENNAN,McLennan County Sheriff's Office,South,31.554470000000002,-97.1364,"31.55447,-97.1364",2018,homicide,TX,1,0
2171,47,TX1550000,MCLENNAN,McLennan County Sheriff's Office,South,31.554470000000002,-97.1364,"31.55447,-97.1364",2018,burglary,TX,26,138
2172,47,TX1550000,MCLENNAN,McLennan County Sheriff's Office,South,31.554470000000002,-97.1364,"31.55447,-97.1364",2019,arson,TX,3,5
2173,47,TX1550000,MCLENNAN,McLennan County Sheriff's Office,South,31.554470000000002,-97.1364,"31.55447,-97.1364",2019,violent-crime,TX,57,84
2174,47,TX1550000,MCLENNAN,McLennan County Sheriff's Office,South,31.554470000000002,-97.1364,"31.55447,-97.1364",2019,robbery,TX,0,0
2175,47,TX1550000,MCLENNAN,McLennan County Sheriff's Office,South,31.554470000000002,-97.1364,"31.55447,-97.1364",2019,rape-legacy,TX,11,15
2176,47,TX1550000,MCLENNAN,McLennan County Sheriff's Office,South,31.554470000000002,-97.1364,"31.55447,-97.1364",2019,rape,TX,16,24
2177,47,TX1550000,MCLENNAN,McLennan County Sheriff's Office,South,31.554470000000002,-97.1364,"31.55447,-97.1364",2019,property-crime,TX,137,500
2178,47,TX1550000,MCLENNAN,McLennan County Sheriff's Office,South,31.554470000000002,-97.1364,"31.55447,-97.1364",2019,motor-vehicle-theft,TX,57,124
2179,47,TX1550000,MCLENNAN,McLennan County Sheriff's Office,South,31.554470000000002,-97.1364,"31.55447,-97.1364",2019,larceny,TX,52,227
2180,47,TX1550000,MCLENNAN,McLennan County Sheriff's Office,South,31.554470000000002,-97.1364,"31.55447,-97.1364",2019,human-trafficing,TX,0,0
2181,47,TX1550000,MCLENNAN,McLennan County Sheriff's Office,South,31.554470000000002,-97.1364,"31.55447,-97.1364",2019,homicide,TX,0,0
2182,47,TX1550000,MCLENNAN,McLennan County Sheriff's Office,South,31.554470000000002,-97.1364,"31.55447,-97.1364",2019,burglary,TX,28,149
2183,47,TX1550000,MCLENNAN,McLennan County Sheriff's Office,South,31.554470000000002,-97.1364,"31.55447,-97.1364",2019,aggravated-assault,TX,30,45
2184,48,TX1551100,MCLENNAN,Robinson Police Department,South,31.468706,-97.11561999999999,"31.468706,-97.11562",2019,aggravated-assault,TX,5,18
2185,48,TX1551100,MCLENNAN,Robinson Police Department,South,31.468706,-97.11561999999999,"31.468706,-97.11562",2019,arson,TX,0,0
2186,48,TX1551100,MCLENNAN,Robinson Police Department,South,31.468706,-97.11561999999999,"31.468706,-97.11562",2019,burglary,TX,1,26
2187,48,TX1551100,MCLENNAN,Robinson Police Department,South,31.468706,-97.11561999999999,"31.468706,-97.11562",2019,homicide,TX,0,0
2188,48,TX1551100,MCLENNAN,Robinson Police Department,South,31.468706,-97.11561999999999,"31.468706,-97.11562",2019,human-trafficing,TX,0,0
2189,48,TX1551100,MCLENNAN,Robinson Police Department,South,31.468706,-97.11561999999999,"31.468706,-97.11562",2019,larceny,TX,7,118
2190,48,TX1551100,MCLENNAN,Robinson Police Department,South,31.468706,-97.11561999999999,"31.468706,-97.11562",2019,motor-vehicle-theft,TX,0,1
2191,48,TX1551100,MCLENNAN,Robinson Police Department,South,31.468706,-97.11561999999999,"31.468706,-97.11562",2019,property-crime,TX,8,145
2192,48,TX1551100,MCLENNAN,Robinson Police Department,South,31.468706,-97.11561999999999,"31.468706,-97.11562",2019,rape,TX,1,3
2193,48,TX1551100,MCLENNAN,Robinson Police Department,South,31.468706,-97.11561999999999,"31.468706,-97.11562",2019,violent-crime,TX,7,27
2194,48,TX1551100,MCLENNAN,Robinson Police Department,South,31.468706,-97.11561999999999,"31.468706,-97.11562",2019,robbery,TX,0,3
2195,48,TX1551100,MCLENNAN,Robinson Police Department,South,31.468706,-97.11561999999999,"31.468706,-97.11562",2019,rape-legacy,TX,1,3
2196,48,TX1551100,MCLENNAN,Robinson Police Department,South,31.468706,-97.11561999999999,"31.468706,-97.11562",2018,homicide,TX,0,0
2197,48,TX1551100,MCLENNAN,Robinson Police Department,South,31.468706,-97.11561999999999,"31.468706,-97.11562",2018,human-trafficing,TX,0,0
2198,48,TX1551100,MCLENNAN,Robinson Police Department,South,31.468706,-97.11561999999999,"31.468706,-97.11562",2018,larceny,TX,13,125
2199,48,TX1551100,MCLENNAN,Robinson Police Department,South,31.468706,-97.11561999999999,"31.468706,-97.11562",2018,motor-vehicle-theft,TX,3,8
2200,48,TX1551100,MCLENNAN,Robinson Police Department,South,31.468706,-97.11561999999999,"31.468706,-97.11562",2018,property-crime,TX,20,156
2201,48,TX1551100,MCLENNAN,Robinson Police Department,South,31.468706,-97.11561999999999,"31.468706,-97.11562",2018,violent-crime,TX,13,25
2202,48,TX1551100,MCLENNAN,Robinson Police Department,South,31.468706,-97.11561999999999,"31.468706,-97.11562",2018,arson,TX,0,0
2203,48,TX1551100,MCLENNAN,Robinson Police Department,South,31.468706,-97.11561999999999,"31.468706,-97.11562",2018,rape,TX,1,0
2204,48,TX1551100,MCLENNAN,Robinson Police Department,South,31.468706,-97.11561999999999,"31.468706,-97.11562",2018,rape-legacy,TX,0,0
2205,48,TX1551100,MCLENNAN,Robinson Police Department,South,31.468706,-97.11561999999999,"31.468706,-97.11562",2018,robbery,TX,0,1
2206,48,TX1551100,MCLENNAN,Robinson Police Department,South,31.468706,-97.11561999999999,"31.468706,-97.11562",2018,burglary,TX,4,23
2207,48,TX1551100,MCLENNAN,Robinson Police Department,South,31.468706,-97.11561999999999,"31.468706,-97.11562",2018,aggravated-assault,TX,12,24
2208,48,TX1551100,MCLENNAN,Robinson Police Department,South,31.468706,-97.11561999999999,"31.468706,-97.11562",2018,homicide,TX,0,0
2209,48,TX1551100,MCLENNAN,Robinson Police Department,South,31.468706,-97.11561999999999,"31.468706,-97.11562",2018,human-trafficing,TX,0,0
2210,48,TX1551100,MCLENNAN,Robinson Police Department,South,31.468706,-97.11561999999999,"31.468706,-97.11562",2018,larceny,TX,13,125
2211,48,TX1551100,MCLENNAN,Robinson Police Department,South,31.468706,-97.11561999999999,"31.468706,-97.11562",2018,motor-vehicle-theft,TX,3,8
2212,48,TX1551100,MCLENNAN,Robinson Police Department,South,31.468706,-97.11561999999999,"31.468706,-97.11562",2018,property-crime,TX,20,156
2213,48,TX1551100,MCLENNAN,Robinson Police Department,South,31.468706,-97.11561999999999,"31.468706,-97.11562",2018,violent-crime,TX,13,25
2214,48,TX1551100,MCLENNAN,Robinson Police Department,South,31.468706,-97.11561999999999,"31.468706,-97.11562",2018,arson,TX,0,0
2215,48,TX1551100,MCLENNAN,Robinson Police Department,South,31.468706,-97.11561999999999,"31.468706,-97.11562",2018,rape,TX,1,0
2216,48,TX1551100,MCLENNAN,Robinson Police Department,South,31.468706,-97.11561999999999,"31.468706,-97.11562",2018,rape-legacy,TX,0,0
2217,48,TX1551100,MCLENNAN,Robinson Police Department,South,31.468706,-97.11561999999999,"31.468706,-97.11562",2018,robbery,TX,0,1
2218,48,TX1551100,MCLENNAN,Robinson Police Department,South,31.468706,-97.11561999999999,"31.468706,-97.11562",2018,burglary,TX,4,23
2219,48,TX1551100,MCLENNAN,Robinson Police Department,South,31.468706,-97.11561999999999,"31.468706,-97.11562",2018,aggravated-assault,TX,12,24
2220,48,TX1551100,MCLENNAN,Robinson Police Department,South,31.468706,-97.11561999999999,"31.468706,-97.11562",2019,aggravated-assault,TX,5,18
2221,48,TX1551100,MCLENNAN,Robinson Police Department,South,31.468706,-97.11561999999999,"31.468706,-97.11562",2019,arson,TX,0,0
2222,48,TX1551100,MCLENNAN,Robinson Police Department,South,31.468706,-97.11561999999999,"31.468706,-97.11562",2019,burglary,TX,1,26
2223,48,TX1551100,MCLENNAN,Robinson Police Department,South,31.468706,-97.11561999999999,"31.468706,-97.11562",2019,homicide,TX,0,0
2224,48,TX1551100,MCLENNAN,Robinson Police Department,South,31.468706,-97.11561999999999,"31.468706,-97.11562",2019,human-trafficing,TX,0,0
2225,48,TX1551100,MCLENNAN,Robinson Police Department,South,31.468706,-97.11561999999999,"31.468706,-97.11562",2019,larceny,TX,7,118
2226,48,TX1551100,MCLENNAN,Robinson Police Department,South,31.468706,-97.11561999999999,"31.468706,-97.11562",2019,motor-vehicle-theft,TX,0,1
2227,48,TX1551100,MCLENNAN,Robinson Police Department,South,31.468706,-97.11561999999999,"31.468706,-97.11562",2019,property-crime,TX,8,145
2228,48,TX1551100,MCLENNAN,Robinson Police Department,South,31.468706,-97.11561999999999,"31.468706,-97.11562",2019,rape,TX,1,3
2229,48,TX1551100,MCLENNAN,Robinson Police Department,South,31.468706,-97.11561999999999,"31.468706,-97.11562",2019,violent-crime,TX,7,27
2230,48,TX1551100,MCLENNAN,Robinson Police Department,South,31.468706,-97.11561999999999,"31.468706,-97.11562",2019,robbery,TX,0,3
2231,48,TX1551100,MCLENNAN,Robinson Police Department,South,31.468706,-97.11561999999999,"31.468706,-97.11562",2019,rape-legacy,TX,1,3
2232,49,TX1550400,MCLENNAN,Hewitt Police Department,South,31.549493,-97.201472,"31.549493,-97.201472",2019,homicide,TX,0,1
2233,49,TX1550400,MCLENNAN,Hewitt Police Department,South,31.549493,-97.201472,"31.549493,-97.201472",2019,aggravated-assault,TX,5,7
2234,49,TX1550400,MCLENNAN,Hewitt Police Department,South,31.549493,-97.201472,"31.549493,-97.201472",2019,arson,TX,0,0
2235,49,TX1550400,MCLENNAN,Hewitt Police Department,South,31.549493,-97.201472,"31.549493,-97.201472",2019,burglary,TX,6,20
2236,49,TX1550400,MCLENNAN,Hewitt Police Department,South,31.549493,-97.201472,"31.549493,-97.201472",2019,human-trafficing,TX,0,0
2237,49,TX1550400,MCLENNAN,Hewitt Police Department,South,31.549493,-97.201472,"31.549493,-97.201472",2019,larceny,TX,31,107
2238,49,TX1550400,MCLENNAN,Hewitt Police Department,South,31.549493,-97.201472,"31.549493,-97.201472",2019,motor-vehicle-theft,TX,3,12
2239,49,TX1550400,MCLENNAN,Hewitt Police Department,South,31.549493,-97.201472,"31.549493,-97.201472",2019,property-crime,TX,40,139
2240,49,TX1550400,MCLENNAN,Hewitt Police Department,South,31.549493,-97.201472,"31.549493,-97.201472",2019,rape,TX,0,3
2241,49,TX1550400,MCLENNAN,Hewitt Police Department,South,31.549493,-97.201472,"31.549493,-97.201472",2019,rape-legacy,TX,0,2
2242,49,TX1550400,MCLENNAN,Hewitt Police Department,South,31.549493,-97.201472,"31.549493,-97.201472",2019,robbery,TX,1,2
2243,49,TX1550400,MCLENNAN,Hewitt Police Department,South,31.549493,-97.201472,"31.549493,-97.201472",2019,violent-crime,TX,6,15
2244,49,TX1550400,MCLENNAN,Hewitt Police Department,South,31.549493,-97.201472,"31.549493,-97.201472",2018,robbery,TX,1,1
2245,49,TX1550400,MCLENNAN,Hewitt Police Department,South,31.549493,-97.201472,"31.549493,-97.201472",2018,aggravated-assault,TX,2,9
2246,49,TX1550400,MCLENNAN,Hewitt Police Department,South,31.549493,-97.201472,"31.549493,-97.201472",2018,arson,TX,0,0
2247,49,TX1550400,MCLENNAN,Hewitt Police Department,South,31.549493,-97.201472,"31.549493,-97.201472",2018,burglary,TX,2,31
2248,49,TX1550400,MCLENNAN,Hewitt Police Department,South,31.549493,-97.201472,"31.549493,-97.201472",2018,homicide,TX,1,1
2249,49,TX1550400,MCLENNAN,Hewitt Police Department,South,31.549493,-97.201472,"31.549493,-97.201472",2018,human-trafficing,TX,0,0
2250,49,TX1550400,MCLENNAN,Hewitt Police Department,South,31.549493,-97.201472,"31.549493,-97.201472",2018,larceny,TX,58,172
2251,49,TX1550400,MCLENNAN,Hewitt Police Department,South,31.549493,-97.201472,"31.549493,-97.201472",2018,motor-vehicle-theft,TX,0,2
2252,49,TX1550400,MCLENNAN,Hewitt Police Department,South,31.549493,-97.201472,"31.549493,-97.201472",2018,property-crime,TX,60,205
2253,49,TX1550400,MCLENNAN,Hewitt Police Department,South,31.549493,-97.201472,"31.549493,-97.201472",2018,rape,TX,1,7
2254,49,TX1550400,MCLENNAN,Hewitt Police Department,South,31.549493,-97.201472,"31.549493,-97.201472",2018,rape-legacy,TX,0,5
2255,49,TX1550400,MCLENNAN,Hewitt Police Department,South,31.549493,-97.201472,"31.549493,-97.201472",2018,violent-crime,TX,5,23
2256,49,TX1550400,MCLENNAN,Hewitt Police Department,South,31.549493,-97.201472,"31.549493,-97.201472",2018,robbery,TX,1,1
2257,49,TX1550400,MCLENNAN,Hewitt Police Department,South,31.549493,-97.201472,"31.549493,-97.201472",2018,aggravated-assault,TX,2,9
2258,49,TX1550400,MCLENNAN,Hewitt Police Department,South,31.549493,-97.201472,"31.549493,-97.201472",2018,arson,TX,0,0
2259,49,TX1550400,MCLENNAN,Hewitt Police Department,South,31.549493,-97.201472,"31.549493,-97.201472",2018,burglary,TX,2,31
2260,49,TX1550400,MCLENNAN,Hewitt Police Department,South,31.549493,-97.201472,"31.549493,-97.201472",2018,homicide,TX,1,1
2261,49,TX1550400,MCLENNAN,Hewitt Police Department,South,31.549493,-97.201472,"31.549493,-97.201472",2018,human-trafficing,TX,0,0
2262,49,TX1550400,MCLENNAN,Hewitt Police Department,South,31.549493,-97.201472,"31.549493,-97.201472",2018,larceny,TX,58,172
2263,49,TX1550400,MCLENNAN,Hewitt Police Department,South,31.549493,-97.201472,"31.549493,-97.201472",2018,motor-vehicle-theft,TX,0,2
2264,49,TX1550400,MCLENNAN,Hewitt Police Department,South,31.549493,-97.201472,"31.549493,-97.201472",2018,property-crime,TX,60,205
2265,49,TX1550400,MCLENNAN,Hewitt Police Department,South,31.549493,-97.201472,"31.549493,-97.201472",2018,rape,TX,1,7
2266,49,TX1550400,MCLENNAN,Hewitt Police Department,South,31.549493,-97.201472,"31.549493,-97.201472",2018,rape-legacy,TX,0,5
2267,49,TX1550400,MCLENNAN,Hewitt Police Department,South,31.549493,-97.201472,"31.549493,-97.201472",2018,violent-crime,TX,5,23
2268,49,TX1550400,MCLENNAN,Hewitt Police Department,South,31.549493,-97.201472,"31.549493,-97.201472",2019,homicide,TX,0,1
2269,49,TX1550400,MCLENNAN,Hewitt Police Department,South,31.549493,-97.201472,"31.549493,-97.201472",2019,aggravated-assault,TX,5,7
2270,49,TX1550400,MCLENNAN,Hewitt Police Department,South,31.549493,-97.201472,"31.549493,-97.201472",2019,arson,TX,0,0
2271,49,TX1550400,MCLENNAN,Hewitt Police Department,South,31.549493,-97.201472,"31.549493,-97.201472",2019,burglary,TX,6,20
2272,49,TX1550400,MCLENNAN,Hewitt Police Department,South,31.549493,-97.201472,"31.549493,-97.201472",2019,human-trafficing,TX,0,0
2273,49,TX1550400,MCLENNAN,Hewitt Police Department,South,31.549493,-97.201472,"31.549493,-97.201472",2019,larceny,TX,31,107
2274,49,TX1550400,MCLENNAN,Hewitt Police Department,South,31.549493,-97.201472,"31.549493,-97.201472",2019,motor-vehicle-theft,TX,3,12
2275,49,TX1550400,MCLENNAN,Hewitt Police Department,South,31.549493,-97.201472,"31.549493,-97.201472",2019,property-crime,TX,40,139
2276,49,TX1550400,MCLENNAN,Hewitt Police Department,South,31.549493,-97.201472,"31.549493,-97.201472",2019,rape,TX,0,3
2277,49,TX1550400,MCLENNAN,Hewitt Police Department,South,31.549493,-97.201472,"31.549493,-97.201472",2019,rape-legacy,TX,0,2
2278,49,TX1550400,MCLENNAN,Hewitt Police Department,South,31.549493,-97.201472,"31.549493,-97.201472",2019,robbery,TX,1,2
2279,49,TX1550400,MCLENNAN,Hewitt Police Department,South,31.549493,-97.201472,"31.549493,-97.201472",2019,violent-crime,TX,6,15
2280,50,TX1550200,MCLENNAN,Beverly Hills Police Department,South,31.525548999999998,-97.1494,"31.525549,-97.1494",2019,violent-crime,TX,1,5
2281,50,TX1550200,MCLENNAN,Beverly Hills Police Department,South,31.525548999999998,-97.1494,"31.525549,-97.1494",2019,aggravated-assault,TX,1,3
2282,50,TX1550200,MCLENNAN,Beverly Hills Police Department,South,31.525548999999998,-97.1494,"31.525549,-97.1494",2019,robbery,TX,0,2
2283,50,TX1550200,MCLENNAN,Beverly Hills Police Department,South,31.525548999999998,-97.1494,"31.525549,-97.1494",2019,rape-legacy,TX,0,0
2284,50,TX1550200,MCLENNAN,Beverly Hills Police Department,South,31.525548999999998,-97.1494,"31.525549,-97.1494",2019,rape,TX,0,0
2285,50,TX1550200,MCLENNAN,Beverly Hills Police Department,South,31.525548999999998,-97.1494,"31.525549,-97.1494",2019,property-crime,TX,2,60
2286,50,TX1550200,MCLENNAN,Beverly Hills Police Department,South,31.525548999999998,-97.1494,"31.525549,-97.1494",2019,motor-vehicle-theft,TX,0,7
2287,50,TX1550200,MCLENNAN,Beverly Hills Police Department,South,31.525548999999998,-97.1494,"31.525549,-97.1494",2019,larceny,TX,2,39
2288,50,TX1550200,MCLENNAN,Beverly Hills Police Department,South,31.525548999999998,-97.1494,"31.525549,-97.1494",2019,human-trafficing,TX,0,0
2289,50,TX1550200,MCLENNAN,Beverly Hills Police Department,South,31.525548999999998,-97.1494,"31.525549,-97.1494",2019,homicide,TX,0,0
2290,50,TX1550200,MCLENNAN,Beverly Hills Police Department,South,31.525548999999998,-97.1494,"31.525549,-97.1494",2019,burglary,TX,0,14
2291,50,TX1550200,MCLENNAN,Beverly Hills Police Department,South,31.525548999999998,-97.1494,"31.525549,-97.1494",2019,arson,TX,0,0
2292,50,TX1550200,MCLENNAN,Beverly Hills Police Department,South,31.525548999999998,-97.1494,"31.525549,-97.1494",2018,robbery,TX,0,1
2293,50,TX1550200,MCLENNAN,Beverly Hills Police Department,South,31.525548999999998,-97.1494,"31.525549,-97.1494",2018,aggravated-assault,TX,2,2
2294,50,TX1550200,MCLENNAN,Beverly Hills Police Department,South,31.525548999999998,-97.1494,"31.525549,-97.1494",2018,arson,TX,0,0
2295,50,TX1550200,MCLENNAN,Beverly Hills Police Department,South,31.525548999999998,-97.1494,"31.525549,-97.1494",2018,burglary,TX,1,14
2296,50,TX1550200,MCLENNAN,Beverly Hills Police Department,South,31.525548999999998,-97.1494,"31.525549,-97.1494",2018,homicide,TX,0,0
2297,50,TX1550200,MCLENNAN,Beverly Hills Police Department,South,31.525548999999998,-97.1494,"31.525549,-97.1494",2018,human-trafficing,TX,0,0
2298,50,TX1550200,MCLENNAN,Beverly Hills Police Department,South,31.525548999999998,-97.1494,"31.525549,-97.1494",2018,larceny,TX,4,31
2299,50,TX1550200,MCLENNAN,Beverly Hills Police Department,South,31.525548999999998,-97.1494,"31.525549,-97.1494",2018,motor-vehicle-theft,TX,3,16
2300,50,TX1550200,MCLENNAN,Beverly Hills Police Department,South,31.525548999999998,-97.1494,"31.525549,-97.1494",2018,property-crime,TX,8,61
2301,50,TX1550200,MCLENNAN,Beverly Hills Police Department,South,31.525548999999998,-97.1494,"31.525549,-97.1494",2018,rape,TX,0,1
2302,50,TX1550200,MCLENNAN,Beverly Hills Police Department,South,31.525548999999998,-97.1494,"31.525549,-97.1494",2018,rape-legacy,TX,0,0
2303,50,TX1550200,MCLENNAN,Beverly Hills Police Department,South,31.525548999999998,-97.1494,"31.525549,-97.1494",2018,violent-crime,TX,2,4
2304,50,TX1550200,MCLENNAN,Beverly Hills Police Department,South,31.525548999999998,-97.1494,"31.525549,-97.1494",2018,robbery,TX,0,1
2305,50,TX1550200,MCLENNAN,Beverly Hills Police Department,South,31.525548999999998,-97.1494,"31.525549,-97.1494",2018,aggravated-assault,TX,2,2
2306,50,TX1550200,MCLENNAN,Beverly Hills Police Department,South,31.525548999999998,-97.1494,"31.525549,-97.1494",2018,arson,TX,0,0
2307,50,TX1550200,MCLENNAN,Beverly Hills Police Department,South,31.525548999999998,-97.1494,"31.525549,-97.1494",2018,burglary,TX,1,14
2308,50,TX1550200,MCLENNAN,Beverly Hills Police Department,South,31.525548999999998,-97.1494,"31.525549,-97.1494",2018,homicide,TX,0,0
2309,50,TX1550200,MCLENNAN,Beverly Hills Police Department,South,31.525548999999998,-97.1494,"31.525549,-97.1494",2018,human-trafficing,TX,0,0
2310,50,TX1550200,MCLENNAN,Beverly Hills Police Department,South,31.525548999999998,-97.1494,"31.525549,-97.1494",2018,larceny,TX,4,31
2311,50,TX1550200,MCLENNAN,Beverly Hills Police Department,South,31.525548999999998,-97.1494,"31.525549,-97.1494",2018,motor-vehicle-theft,TX,3,16
2312,50,TX1550200,MCLENNAN,Beverly Hills Police Department,South,31.525548999999998,-97.1494,"31.525549,-97.1494",2018,property-crime,TX,8,61
2313,50,TX1550200,MCLENNAN,Beverly Hills Police Department,South,31.525548999999998,-97.1494,"31.525549,-97.1494",2018,rape,TX,0,1
2314,50,TX1550200,MCLENNAN,Beverly Hills Police Department,South,31.525548999999998,-97.1494,"31.525549,-97.1494",2018,rape-legacy,TX,0,0
2315,50,TX1550200,MCLENNAN,Beverly Hills Police Department,South,31.525548999999998,-97.1494,"31.525549,-97.1494",2018,violent-crime,TX,2,4
2316,50,TX1550200,MCLENNAN,Beverly Hills Police Department,South,31.525548999999998,-97.1494,"31.525549,-97.1494",2019,violent-crime,TX,1,5
2317,50,TX1550200,MCLENNAN,Beverly Hills Police Department,South,31.525548999999998,-97.1494,"31.525549,-97.1494",2019,aggravated-assault,TX,1,3
2318,50,TX1550200,MCLENNAN,Beverly Hills Police Department,South,31.525548999999998,-97.1494,"31.525549,-97.1494",2019,robbery,TX,0,2
2319,50,TX1550200,MCLENNAN,Beverly Hills Police Department,South,31.525548999999998,-97.1494,"31.525549,-97.1494",2019,rape-legacy,TX,0,0
2320,50,TX1550200,MCLENNAN,Beverly Hills Police Department,South,31.525548999999998,-97.1494,"31.525549,-97.1494",2019,rape,TX,0,0
2321,50,TX1550200,MCLENNAN,Beverly Hills Police Department,South,31.525548999999998,-97.1494,"31.525549,-97.1494",2019,property-crime,TX,2,60
2322,50,TX1550200,MCLENNAN,Beverly Hills Police Department,South,31.525548999999998,-97.1494,"31.525549,-97.1494",2019,motor-vehicle-theft,TX,0,7
2323,50,TX1550200,MCLENNAN,Beverly Hills Police Department,South,31.525548999999998,-97.1494,"31.525549,-97.1494",2019,larceny,TX,2,39
2324,50,TX1550200,MCLENNAN,Beverly Hills Police Department,South,31.525548999999998,-97.1494,"31.525549,-97.1494",2019,human-trafficing,TX,0,0
2325,50,TX1550200,MCLENNAN,Beverly Hills Police Department,South,31.525548999999998,-97.1494,"31.525549,-97.1494",2019,homicide,TX,0,0
2326,50,TX1550200,MCLENNAN,Beverly Hills Police Department,South,31.525548999999998,-97.1494,"31.525549,-97.1494",2019,burglary,TX,0,14
2327,50,TX1550200,MCLENNAN,Beverly Hills Police Department,South,31.525548999999998,-97.1494,"31.525549,-97.1494",2019,arson,TX,0,0
2328,51,TX1551300,MCLENNAN,West Police Department,South,31.549493,-97.201472,"31.549493,-97.201472",2019,violent-crime,TX,1,1
2329,51,TX1551300,MCLENNAN,West Police Department,South,31.549493,-97.201472,"31.549493,-97.201472",2019,robbery,TX,0,0
2330,51,TX1551300,MCLENNAN,West Police Department,South,31.549493,-97.201472,"31.549493,-97.201472",2019,rape-legacy,TX,0,0
2331,51,TX1551300,MCLENNAN,West Police Department,South,31.549493,-97.201472,"31.549493,-97.201472",2019,rape,TX,0,0
2332,51,TX1551300,MCLENNAN,West Police Department,South,31.549493,-97.201472,"31.549493,-97.201472",2019,property-crime,TX,0,17
2333,51,TX1551300,MCLENNAN,West Police Department,South,31.549493,-97.201472,"31.549493,-97.201472",2019,motor-vehicle-theft,TX,0,2
2334,51,TX1551300,MCLENNAN,West Police Department,South,31.549493,-97.201472,"31.549493,-97.201472",2019,larceny,TX,0,9
2335,51,TX1551300,MCLENNAN,West Police Department,South,31.549493,-97.201472,"31.549493,-97.201472",2019,human-trafficing,TX,0,0
2336,51,TX1551300,MCLENNAN,West Police Department,South,31.549493,-97.201472,"31.549493,-97.201472",2019,homicide,TX,0,0
2337,51,TX1551300,MCLENNAN,West Police Department,South,31.549493,-97.201472,"31.549493,-97.201472",2019,burglary,TX,0,6
2338,51,TX1551300,MCLENNAN,West Police Department,South,31.549493,-97.201472,"31.549493,-97.201472",2019,arson,TX,0,0
2339,51,TX1551300,MCLENNAN,West Police Department,South,31.549493,-97.201472,"31.549493,-97.201472",2019,aggravated-assault,TX,1,1
2340,51,TX1551300,MCLENNAN,West Police Department,South,31.549493,-97.201472,"31.549493,-97.201472",2018,motor-vehicle-theft,TX,1,2
2341,51,TX1551300,MCLENNAN,West Police Department,South,31.549493,-97.201472,"31.549493,-97.201472",2018,violent-crime,TX,1,8
2342,51,TX1551300,MCLENNAN,West Police Department,South,31.549493,-97.201472,"31.549493,-97.201472",2018,aggravated-assault,TX,1,4
2343,51,TX1551300,MCLENNAN,West Police Department,South,31.549493,-97.201472,"31.549493,-97.201472",2018,arson,TX,0,0
2344,51,TX1551300,MCLENNAN,West Police Department,South,31.549493,-97.201472,"31.549493,-97.201472",2018,burglary,TX,1,8
2345,51,TX1551300,MCLENNAN,West Police Department,South,31.549493,-97.201472,"31.549493,-97.201472",2018,homicide,TX,0,0
2346,51,TX1551300,MCLENNAN,West Police Department,South,31.549493,-97.201472,"31.549493,-97.201472",2018,human-trafficing,TX,0,0
2347,51,TX1551300,MCLENNAN,West Police Department,South,31.549493,-97.201472,"31.549493,-97.201472",2018,larceny,TX,0,30
2348,51,TX1551300,MCLENNAN,West Police Department,South,31.549493,-97.201472,"31.549493,-97.201472",2018,robbery,TX,0,0
2349,51,TX1551300,MCLENNAN,West Police Department,South,31.549493,-97.201472,"31.549493,-97.201472",2018,rape-legacy,TX,0,2
2350,51,TX1551300,MCLENNAN,West Police Department,South,31.549493,-97.201472,"31.549493,-97.201472",2018,rape,TX,0,2
2351,51,TX1551300,MCLENNAN,West Police Department,South,31.549493,-97.201472,"31.549493,-97.201472",2018,property-crime,TX,2,40
2352,51,TX1551300,MCLENNAN,West Police Department,South,31.549493,-97.201472,"31.549493,-97.201472",2018,motor-vehicle-theft,TX,1,2
2353,51,TX1551300,MCLENNAN,West Police Department,South,31.549493,-97.201472,"31.549493,-97.201472",2018,violent-crime,TX,1,8
2354,51,TX1551300,MCLENNAN,West Police Department,South,31.549493,-97.201472,"31.549493,-97.201472",2018,aggravated-assault,TX,1,4
2355,51,TX1551300,MCLENNAN,West Police Department,South,31.549493,-97.201472,"31.549493,-97.201472",2018,arson,TX,0,0
2356,51,TX1551300,MCLENNAN,West Police Department,South,31.549493,-97.201472,"31.549493,-97.201472",2018,burglary,TX,1,8
2357,51,TX1551300,MCLENNAN,West Police Department,South,31.549493,-97.201472,"31.549493,-97.201472",2018,homicide,TX,0,0
2358,51,TX1551300,MCLENNAN,West Police Department,South,31.549493,-97.201472,"31.549493,-97.201472",2018,human-trafficing,TX,0,0
2359,51,TX1551300,MCLENNAN,West Police Department,South,31.549493,-97.201472,"31.549493,-97.201472",2018,larceny,TX,0,30
2360,51,TX1551300,MCLENNAN,West Police Department,South,31.549493,-97.201472,"31.549493,-97.201472",2018,robbery,TX,0,0
2361,51,TX1551300,MCLENNAN,West Police Department,South,31.549493,-97.201472,"31.549493,-97.201472",2018,rape-legacy,TX,0,2
2362,51,TX1551300,MCLENNAN,West Police Department,South,31.549493,-97.201472,"31.549493,-97.201472",2018,rape,TX,0,2
2363,51,TX1551300,MCLENNAN,West Police Department,South,31.549493,-97.201472,"31.549493,-97.201472",2018,property-crime,TX,2,40
2364,51,TX1551300,MCLENNAN,West Police Department,South,31.549493,-97.201472,"31.549493,-97.201472",2019,violent-crime,TX,1,1
2365,51,TX1551300,MCLENNAN,West Police Department,South,31.549493,-97.201472,"31.549493,-97.201472",2019,robbery,TX,0,0
2366,51,TX1551300,MCLENNAN,West Police Department,South,31.549493,-97.201472,"31.549493,-97.201472",2019,rape-legacy,TX,0,0
2367,51,TX1551300,MCLENNAN,West Police Department,South,31.549493,-97.201472,"31.549493,-97.201472",2019,rape,TX,0,0
2368,51,TX1551300,MCLENNAN,West Police Department,South,31.549493,-97.201472,"31.549493,-97.201472",2019,property-crime,TX,0,17
2369,51,TX1551300,MCLENNAN,West Police Department,South,31.549493,-97.201472,"31.549493,-97.201472",2019,motor-vehicle-theft,TX,0,2
2370,51,TX1551300,MCLENNAN,West Police Department,South,31.549493,-97.201472,"31.549493,-97.201472",2019,larceny,TX,0,9
2371,51,TX1551300,MCLENNAN,West Police Department,South,31.549493,-97.201472,"31.549493,-97.201472",2019,human-trafficing,TX,0,0
2372,51,TX1551300,MCLENNAN,West Police Department,South,31.549493,-97.201472,"31.549493,-97.201472",2019,homicide,TX,0,0
2373,51,TX1551300,MCLENNAN,West Police Department,South,31.549493,-97.201472,"31.549493,-97.201472",2019,burglary,TX,0,6
2374,51,TX1551300,MCLENNAN,West Police Department,South,31.549493,-97.201472,"31.549493,-97.201472",2019,arson,TX,0,0
2375,51,TX1551300,MCLENNAN,West Police Department,South,31.549493,-97.201472,"31.549493,-97.201472",2019,aggravated-assault,TX,1,1
2376,52,TX1550700,MCLENNAN,McGregor Police Department,South,31.4415,-97.40726,"31.4415,-97.40726",2019,rape-legacy,TX,0,0
2377,52,TX1550700,MCLENNAN,McGregor Police Department,South,31.4415,-97.40726,"31.4415,-97.40726",2019,robbery,TX,2,2
2378,52,TX1550700,MCLENNAN,McGregor Police Department,South,31.4415,-97.40726,"31.4415,-97.40726",2019,aggravated-assault,TX,9,14
2379,52,TX1550700,MCLENNAN,McGregor Police Department,South,31.4415,-97.40726,"31.4415,-97.40726",2019,arson,TX,0,0
2380,52,TX1550700,MCLENNAN,McGregor Police Department,South,31.4415,-97.40726,"31.4415,-97.40726",2019,burglary,TX,5,11
2381,52,TX1550700,MCLENNAN,McGregor Police Department,South,31.4415,-97.40726,"31.4415,-97.40726",2019,homicide,TX,0,0
2382,52,TX1550700,MCLENNAN,McGregor Police Department,South,31.4415,-97.40726,"31.4415,-97.40726",2019,human-trafficing,TX,0,0
2383,52,TX1550700,MCLENNAN,McGregor Police Department,South,31.4415,-97.40726,"31.4415,-97.40726",2019,larceny,TX,7,22
2384,52,TX1550700,MCLENNAN,McGregor Police Department,South,31.4415,-97.40726,"31.4415,-97.40726",2019,motor-vehicle-theft,TX,0,1
2385,52,TX1550700,MCLENNAN,McGregor Police Department,South,31.4415,-97.40726,"31.4415,-97.40726",2019,property-crime,TX,12,34
2386,52,TX1550700,MCLENNAN,McGregor Police Department,South,31.4415,-97.40726,"31.4415,-97.40726",2019,rape,TX,1,5
2387,52,TX1550700,MCLENNAN,McGregor Police Department,South,31.4415,-97.40726,"31.4415,-97.40726",2019,violent-crime,TX,12,21
2388,52,TX1550700,MCLENNAN,McGregor Police Department,South,31.4415,-97.40726,"31.4415,-97.40726",2018,larceny,TX,10,29
2389,52,TX1550700,MCLENNAN,McGregor Police Department,South,31.4415,-97.40726,"31.4415,-97.40726",2018,aggravated-assault,TX,6,7
2390,52,TX1550700,MCLENNAN,McGregor Police Department,South,31.4415,-97.40726,"31.4415,-97.40726",2018,arson,TX,0,2
2391,52,TX1550700,MCLENNAN,McGregor Police Department,South,31.4415,-97.40726,"31.4415,-97.40726",2018,burglary,TX,2,11
2392,52,TX1550700,MCLENNAN,McGregor Police Department,South,31.4415,-97.40726,"31.4415,-97.40726",2018,homicide,TX,0,0
2393,52,TX1550700,MCLENNAN,McGregor Police Department,South,31.4415,-97.40726,"31.4415,-97.40726",2018,human-trafficing,TX,0,0
2394,52,TX1550700,MCLENNAN,McGregor Police Department,South,31.4415,-97.40726,"31.4415,-97.40726",2018,motor-vehicle-theft,TX,2,5
2395,52,TX1550700,MCLENNAN,McGregor Police Department,South,31.4415,-97.40726,"31.4415,-97.40726",2018,property-crime,TX,14,45
2396,52,TX1550700,MCLENNAN,McGregor Police Department,South,31.4415,-97.40726,"31.4415,-97.40726",2018,rape,TX,6,11
2397,52,TX1550700,MCLENNAN,McGregor Police Department,South,31.4415,-97.40726,"31.4415,-97.40726",2018,rape-legacy,TX,0,0
2398,52,TX1550700,MCLENNAN,McGregor Police Department,South,31.4415,-97.40726,"31.4415,-97.40726",2018,robbery,TX,0,0
2399,52,TX1550700,MCLENNAN,McGregor Police Department,South,31.4415,-97.40726,"31.4415,-97.40726",2018,violent-crime,TX,12,18
2400,52,TX1550700,MCLENNAN,McGregor Police Department,South,31.4415,-97.40726,"31.4415,-97.40726",2018,larceny,TX,10,29
2401,52,TX1550700,MCLENNAN,McGregor Police Department,South,31.4415,-97.40726,"31.4415,-97.40726",2018,aggravated-assault,TX,6,7
2402,52,TX1550700,MCLENNAN,McGregor Police Department,South,31.4415,-97.40726,"31.4415,-97.40726",2018,arson,TX,0,2
2403,52,TX1550700,MCLENNAN,McGregor Police Department,South,31.4415,-97.40726,"31.4415,-97.40726",2018,burglary,TX,2,11
2404,52,TX1550700,MCLENNAN,McGregor Police Department,South,31.4415,-97.40726,"31.4415,-97.40726",2018,homicide,TX,0,0
2405,52,TX1550700,MCLENNAN,McGregor Police Department,South,31.4415,-97.40726,"31.4415,-97.40726",2018,human-trafficing,TX,0,0
2406,52,TX1550700,MCLENNAN,McGregor Police Department,South,31.4415,-97.40726,"31.4415,-97.40726",2018,motor-vehicle-theft,TX,2,5
2407,52,TX1550700,MCLENNAN,McGregor Police Department,South,31.4415,-97.40726,"31.4415,-97.40726",2018,property-crime,TX,14,45
2408,52,TX1550700,MCLENNAN,McGregor Police Department,South,31.4415,-97.40726,"31.4415,-97.40726",2018,rape,TX,6,11
2409,52,TX1550700,MCLENNAN,McGregor Police Department,South,31.4415,-97.40726,"31.4415,-97.40726",2018,rape-legacy,TX,0,0
2410,52,TX1550700,MCLENNAN,McGregor Police Department,South,31.4415,-97.40726,"31.4415,-97.40726",2018,robbery,TX,0,0
2411,52,TX1550700,MCLENNAN,McGregor Police Department,South,31.4415,-97.40726,"31.4415,-97.40726",2018,violent-crime,TX,12,18
2412,52,TX1550700,MCLENNAN,McGregor Police Department,South,31.4415,-97.40726,"31.4415,-97.40726",2019,rape-legacy,TX,0,0
2413,52,TX1550700,MCLENNAN,McGregor Police Department,South,31.4415,-97.40726,"31.4415,-97.40726",2019,robbery,TX,2,2
2414,52,TX1550700,MCLENNAN,McGregor Police Department,South,31.4415,-97.40726,"31.4415,-97.40726",2019,aggravated-assault,TX,9,14
2415,52,TX1550700,MCLENNAN,McGregor Police Department,South,31.4415,-97.40726,"31.4415,-97.40726",2019,arson,TX,0,0
2416,52,TX1550700,MCLENNAN,McGregor Police Department,South,31.4415,-97.40726,"31.4415,-97.40726",2019,burglary,TX,5,11
2417,52,TX1550700,MCLENNAN,McGregor Police Department,South,31.4415,-97.40726,"31.4415,-97.40726",2019,homicide,TX,0,0
2418,52,TX1550700,MCLENNAN,McGregor Police Department,South,31.4415,-97.40726,"31.4415,-97.40726",2019,human-trafficing,TX,0,0
2419,52,TX1550700,MCLENNAN,McGregor Police Department,South,31.4415,-97.40726,"31.4415,-97.40726",2019,larceny,TX,7,22
2420,52,TX1550700,MCLENNAN,McGregor Police Department,South,31.4415,-97.40726,"31.4415,-97.40726",2019,motor-vehicle-theft,TX,0,1
2421,52,TX1550700,MCLENNAN,McGregor Police Department,South,31.4415,-97.40726,"31.4415,-97.40726",2019,property-crime,TX,12,34
2422,52,TX1550700,MCLENNAN,McGregor Police Department,South,31.4415,-97.40726,"31.4415,-97.40726",2019,rape,TX,1,5
2423,52,TX1550700,MCLENNAN,McGregor Police Department,South,31.4415,-97.40726,"31.4415,-97.40726",2019,violent-crime,TX,12,21
2424,53,TX1551800,MCLENNAN,Texas State Technical College: Waco,South,31.549493,-97.201472,"31.549493,-97.201472",2019,human-trafficing,TX,0,0
2425,53,TX1551800,MCLENNAN,Texas State Technical College: Waco,South,31.549493,-97.201472,"31.549493,-97.201472",2019,violent-crime,TX,1,6
2426,53,TX1551800,MCLENNAN,Texas State Technical College: Waco,South,31.549493,-97.201472,"31.549493,-97.201472",2019,robbery,TX,0,2
2427,53,TX1551800,MCLENNAN,Texas State Technical College: Waco,South,31.549493,-97.201472,"31.549493,-97.201472",2019,rape-legacy,TX,0,0
2428,53,TX1551800,MCLENNAN,Texas State Technical College: Waco,South,31.549493,-97.201472,"31.549493,-97.201472",2019,rape,TX,0,3
2429,53,TX1551800,MCLENNAN,Texas State Technical College: Waco,South,31.549493,-97.201472,"31.549493,-97.201472",2019,property-crime,TX,1,50
2430,53,TX1551800,MCLENNAN,Texas State Technical College: Waco,South,31.549493,-97.201472,"31.549493,-97.201472",2019,motor-vehicle-theft,TX,0,3
2431,53,TX1551800,MCLENNAN,Texas State Technical College: Waco,South,31.549493,-97.201472,"31.549493,-97.201472",2019,larceny,TX,0,35
2432,53,TX1551800,MCLENNAN,Texas State Technical College: Waco,South,31.549493,-97.201472,"31.549493,-97.201472",2019,homicide,TX,1,1
2433,53,TX1551800,MCLENNAN,Texas State Technical College: Waco,South,31.549493,-97.201472,"31.549493,-97.201472",2019,burglary,TX,1,12
2434,53,TX1551800,MCLENNAN,Texas State Technical College: Waco,South,31.549493,-97.201472,"31.549493,-97.201472",2019,arson,TX,0,0
2435,53,TX1551800,MCLENNAN,Texas State Technical College: Waco,South,31.549493,-97.201472,"31.549493,-97.201472",2019,aggravated-assault,TX,0,0
2436,53,TX1551800,MCLENNAN,Texas State Technical College: Waco,South,31.549493,-97.201472,"31.549493,-97.201472",2018,arson,TX,0,0
2437,53,TX1551800,MCLENNAN,Texas State Technical College: Waco,South,31.549493,-97.201472,"31.549493,-97.201472",2018,aggravated-assault,TX,0,0
2438,53,TX1551800,MCLENNAN,Texas State Technical College: Waco,South,31.549493,-97.201472,"31.549493,-97.201472",2018,rape-legacy,TX,0,0
2439,53,TX1551800,MCLENNAN,Texas State Technical College: Waco,South,31.549493,-97.201472,"31.549493,-97.201472",2018,robbery,TX,0,1
2440,53,TX1551800,MCLENNAN,Texas State Technical College: Waco,South,31.549493,-97.201472,"31.549493,-97.201472",2018,violent-crime,TX,0,5
2441,53,TX1551800,MCLENNAN,Texas State Technical College: Waco,South,31.549493,-97.201472,"31.549493,-97.201472",2018,property-crime,TX,0,44
2442,53,TX1551800,MCLENNAN,Texas State Technical College: Waco,South,31.549493,-97.201472,"31.549493,-97.201472",2018,rape,TX,0,4
2443,53,TX1551800,MCLENNAN,Texas State Technical College: Waco,South,31.549493,-97.201472,"31.549493,-97.201472",2018,motor-vehicle-theft,TX,0,3
2444,53,TX1551800,MCLENNAN,Texas State Technical College: Waco,South,31.549493,-97.201472,"31.549493,-97.201472",2018,larceny,TX,0,30
2445,53,TX1551800,MCLENNAN,Texas State Technical College: Waco,South,31.549493,-97.201472,"31.549493,-97.201472",2018,human-trafficing,TX,0,0
2446,53,TX1551800,MCLENNAN,Texas State Technical College: Waco,South,31.549493,-97.201472,"31.549493,-97.201472",2018,homicide,TX,0,0
2447,53,TX1551800,MCLENNAN,Texas State Technical College: Waco,South,31.549493,-97.201472,"31.549493,-97.201472",2018,burglary,TX,0,11
2448,53,TX1551800,MCLENNAN,Texas State Technical College: Waco,South,31.549493,-97.201472,"31.549493,-97.201472",2018,arson,TX,0,0
2449,53,TX1551800,MCLENNAN,Texas State Technical College: Waco,South,31.549493,-97.201472,"31.549493,-97.201472",2018,aggravated-assault,TX,0,0
2450,53,TX1551800,MCLENNAN,Texas State Technical College: Waco,South,31.549493,-97.201472,"31.549493,-97.201472",2018,rape-legacy,TX,0,0
2451,53,TX1551800,MCLENNAN,Texas State Technical College: Waco,South,31.549493,-97.201472,"31.549493,-97.201472",2018,robbery,TX,0,1
2452,53,TX1551800,MCLENNAN,Texas State Technical College: Waco,South,31.549493,-97.201472,"31.549493,-97.201472",2018,violent-crime,TX,0,5
2453,53,TX1551800,MCLENNAN,Texas State Technical College: Waco,South,31.549493,-97.201472,"31.549493,-97.201472",2018,property-crime,TX,0,44
2454,53,TX1551800,MCLENNAN,Texas State Technical College: Waco,South,31.549493,-97.201472,"31.549493,-97.201472",2018,rape,TX,0,4
2455,53,TX1551800,MCLENNAN,Texas State Technical College: Waco,South,31.549493,-97.201472,"31.549493,-97.201472",2018,motor-vehicle-theft,TX,0,3
2456,53,TX1551800,MCLENNAN,Texas State Technical College: Waco,South,31.549493,-97.201472,"31.549493,-97.201472",2018,larceny,TX,0,30
2457,53,TX1551800,MCLENNAN,Texas State Technical College: Waco,South,31.549493,-97.201472,"31.549493,-97.201472",2018,human-trafficing,TX,0,0
2458,53,TX1551800,MCLENNAN,Texas State Technical College: Waco,South,31.549493,-97.201472,"31.549493,-97.201472",2018,homicide,TX,0,0
2459,53,TX1551800,MCLENNAN,Texas State Technical College: Waco,South,31.549493,-97.201472,"31.549493,-97.201472",2018,burglary,TX,0,11
2460,53,TX1551800,MCLENNAN,Texas State Technical College: Waco,South,31.549493,-97.201472,"31.549493,-97.201472",2019,human-trafficing,TX,0,0
2461,53,TX1551800,MCLENNAN,Texas State Technical College: Waco,South,31.549493,-97.201472,"31.549493,-97.201472",2019,violent-crime,TX,1,6
2462,53,TX1551800,MCLENNAN,Texas State Technical College: Waco,South,31.549493,-97.201472,"31.549493,-97.201472",2019,robbery,TX,0,2
2463,53,TX1551800,MCLENNAN,Texas State Technical College: Waco,South,31.549493,-97.201472,"31.549493,-97.201472",2019,rape-legacy,TX,0,0
2464,53,TX1551800,MCLENNAN,Texas State Technical College: Waco,South,31.549493,-97.201472,"31.549493,-97.201472",2019,rape,TX,0,3
2465,53,TX1551800,MCLENNAN,Texas State Technical College: Waco,South,31.549493,-97.201472,"31.549493,-97.201472",2019,property-crime,TX,1,50
2466,53,TX1551800,MCLENNAN,Texas State Technical College: Waco,South,31.549493,-97.201472,"31.549493,-97.201472",2019,motor-vehicle-theft,TX,0,3
2467,53,TX1551800,MCLENNAN,Texas State Technical College: Waco,South,31.549493,-97.201472,"31.549493,-97.201472",2019,larceny,TX,0,35
2468,53,TX1551800,MCLENNAN,Texas State Technical College: Waco,South,31.549493,-97.201472,"31.549493,-97.201472",2019,homicide,TX,1,1
2469,53,TX1551800,MCLENNAN,Texas State Technical College: Waco,South,31.549493,-97.201472,"31.549493,-97.201472",2019,burglary,TX,1,12
2470,53,TX1551800,MCLENNAN,Texas State Technical College: Waco,South,31.549493,-97.201472,"31.549493,-97.201472",2019,arson,TX,0,0
2471,53,TX1551800,MCLENNAN,Texas State Technical College: Waco,South,31.549493,-97.201472,"31.549493,-97.201472",2019,aggravated-assault,TX,0,0
2472,54,TX1550500,MCLENNAN,Lacy-Lakeview Police Department,South,31.623929999999998,-97.10311,"31.62393,-97.10311",2019,aggravated-assault,TX,3,6
2473,54,TX1550500,MCLENNAN,Lacy-Lakeview Police Department,South,31.623929999999998,-97.10311,"31.62393,-97.10311",2019,rape-legacy,TX,4,8
2474,54,TX1550500,MCLENNAN,Lacy-Lakeview Police Department,South,31.623929999999998,-97.10311,"31.62393,-97.10311",2019,rape,TX,5,9
2475,54,TX1550500,MCLENNAN,Lacy-Lakeview Police Department,South,31.623929999999998,-97.10311,"31.62393,-97.10311",2019,property-crime,TX,16,194
2476,54,TX1550500,MCLENNAN,Lacy-Lakeview Police Department,South,31.623929999999998,-97.10311,"31.62393,-97.10311",2019,motor-vehicle-theft,TX,1,13
2477,54,TX1550500,MCLENNAN,Lacy-Lakeview Police Department,South,31.623929999999998,-97.10311,"31.62393,-97.10311",2019,larceny,TX,11,145
2478,54,TX1550500,MCLENNAN,Lacy-Lakeview Police Department,South,31.623929999999998,-97.10311,"31.62393,-97.10311",2019,homicide,TX,0,0
2479,54,TX1550500,MCLENNAN,Lacy-Lakeview Police Department,South,31.623929999999998,-97.10311,"31.62393,-97.10311",2019,burglary,TX,4,36
2480,54,TX1550500,MCLENNAN,Lacy-Lakeview Police Department,South,31.623929999999998,-97.10311,"31.62393,-97.10311",2019,violent-crime,TX,12,25
2481,54,TX1550500,MCLENNAN,Lacy-Lakeview Police Department,South,31.623929999999998,-97.10311,"31.62393,-97.10311",2019,arson,TX,0,1
2482,54,TX1550500,MCLENNAN,Lacy-Lakeview Police Department,South,31.623929999999998,-97.10311,"31.62393,-97.10311",2019,human-trafficing,TX,0,0
2483,54,TX1550500,MCLENNAN,Lacy-Lakeview Police Department,South,31.623929999999998,-97.10311,"31.62393,-97.10311",2019,robbery,TX,0,2
2484,54,TX1550500,MCLENNAN,Lacy-Lakeview Police Department,South,31.623929999999998,-97.10311,"31.62393,-97.10311",2018,violent-crime,TX,19,36
2485,54,TX1550500,MCLENNAN,Lacy-Lakeview Police Department,South,31.623929999999998,-97.10311,"31.62393,-97.10311",2018,robbery,TX,1,2
2486,54,TX1550500,MCLENNAN,Lacy-Lakeview Police Department,South,31.623929999999998,-97.10311,"31.62393,-97.10311",2018,rape-legacy,TX,4,6
2487,54,TX1550500,MCLENNAN,Lacy-Lakeview Police Department,South,31.623929999999998,-97.10311,"31.62393,-97.10311",2018,rape,TX,4,8
2488,54,TX1550500,MCLENNAN,Lacy-Lakeview Police Department,South,31.623929999999998,-97.10311,"31.62393,-97.10311",2018,property-crime,TX,12,208
2489,54,TX1550500,MCLENNAN,Lacy-Lakeview Police Department,South,31.623929999999998,-97.10311,"31.62393,-97.10311",2018,motor-vehicle-theft,TX,0,13
2490,54,TX1550500,MCLENNAN,Lacy-Lakeview Police Department,South,31.623929999999998,-97.10311,"31.62393,-97.10311",2018,larceny,TX,10,160
2491,54,TX1550500,MCLENNAN,Lacy-Lakeview Police Department,South,31.623929999999998,-97.10311,"31.62393,-97.10311",2018,human-trafficing,TX,0,0
2492,54,TX1550500,MCLENNAN,Lacy-Lakeview Police Department,South,31.623929999999998,-97.10311,"31.62393,-97.10311",2018,homicide,TX,0,0
2493,54,TX1550500,MCLENNAN,Lacy-Lakeview Police Department,South,31.623929999999998,-97.10311,"31.62393,-97.10311",2018,burglary,TX,2,35
2494,54,TX1550500,MCLENNAN,Lacy-Lakeview Police Department,South,31.623929999999998,-97.10311,"31.62393,-97.10311",2018,arson,TX,0,2
2495,54,TX1550500,MCLENNAN,Lacy-Lakeview Police Department,South,31.623929999999998,-97.10311,"31.62393,-97.10311",2018,aggravated-assault,TX,10,20
2496,54,TX1550500,MCLENNAN,Lacy-Lakeview Police Department,South,31.623929999999998,-97.10311,"31.62393,-97.10311",2018,violent-crime,TX,19,36
2497,54,TX1550500,MCLENNAN,Lacy-Lakeview Police Department,South,31.623929999999998,-97.10311,"31.62393,-97.10311",2018,robbery,TX,1,2
2498,54,TX1550500,MCLENNAN,Lacy-Lakeview Police Department,South,31.623929999999998,-97.10311,"31.62393,-97.10311",2018,rape-legacy,TX,4,6
2499,54,TX1550500,MCLENNAN,Lacy-Lakeview Police Department,South,31.623929999999998,-97.10311,"31.62393,-97.10311",2018,rape,TX,4,8
2500,54,TX1550500,MCLENNAN,Lacy-Lakeview Police Department,South,31.623929999999998,-97.10311,"31.62393,-97.10311",2018,property-crime,TX,12,208
2501,54,TX1550500,MCLENNAN,Lacy-Lakeview Police Department,South,31.623929999999998,-97.10311,"31.62393,-97.10311",2018,motor-vehicle-theft,TX,0,13
2502,54,TX1550500,MCLENNAN,Lacy-Lakeview Police Department,South,31.623929999999998,-97.10311,"31.62393,-97.10311",2018,larceny,TX,10,160
2503,54,TX1550500,MCLENNAN,Lacy-Lakeview Police Department,South,31.623929999999998,-97.10311,"31.62393,-97.10311",2018,human-trafficing,TX,0,0
2504,54,TX1550500,MCLENNAN,Lacy-Lakeview Police Department,South,31.623929999999998,-97.10311,"31.62393,-97.10311",2018,homicide,TX,0,0
2505,54,TX1550500,MCLENNAN,Lacy-Lakeview Police Department,South,31.623929999999998,-97.10311,"31.62393,-97.10311",2018,burglary,TX,2,35
2506,54,TX1550500,MCLENNAN,Lacy-Lakeview Police Department,South,31.623929999999998,-97.10311,"31.62393,-97.10311",2018,arson,TX,0,2
2507,54,TX1550500,MCLENNAN,Lacy-Lakeview Police Department,South,31.623929999999998,-97.10311,"31.62393,-97.10311",2018,aggravated-assault,TX,10,20
2508,54,TX1550500,MCLENNAN,Lacy-Lakeview Police Department,South,31.623929999999998,-97.10311,"31.62393,-97.10311",2019,aggravated-assault,TX,3,6
2509,54,TX1550500,MCLENNAN,Lacy-Lakeview Police Department,South,31.623929999999998,-97.10311,"31.62393,-97.10311",2019,rape-legacy,TX,4,8
2510,54,TX1550500,MCLENNAN,Lacy-Lakeview Police Department,South,31.623929999999998,-97.10311,"31.62393,-97.10311",2019,rape,TX,5,9
2511,54,TX1550500,MCLENNAN,Lacy-Lakeview Police Department,South,31.623929999999998,-97.10311,"31.62393,-97.10311",2019,property-crime,TX,16,194
2512,54,TX1550500,MCLENNAN,Lacy-Lakeview Police Department,South,31.623929999999998,-97.10311,"31.62393,-97.10311",2019,motor-vehicle-theft,TX,1,13
2513,54,TX1550500,MCLENNAN,Lacy-Lakeview Police Department,South,31.623929999999998,-97.10311,"31.62393,-97.10311",2019,larceny,TX,11,145
2514,54,TX1550500,MCLENNAN,Lacy-Lakeview Police Department,South,31.623929999999998,-97.10311,"31.62393,-97.10311",2019,homicide,TX,0,0
2515,54,TX1550500,MCLENNAN,Lacy-Lakeview Police Department,South,31.623929999999998,-97.10311,"31.62393,-97.10311",2019,burglary,TX,4,36
2516,54,TX1550500,MCLENNAN,Lacy-Lakeview Police Department,South,31.623929999999998,-97.10311,"31.62393,-97.10311",2019,violent-crime,TX,12,25
2517,54,TX1550500,MCLENNAN,Lacy-Lakeview Police Department,South,31.623929999999998,-97.10311,"31.62393,-97.10311",2019,arson,TX,0,1
2518,54,TX1550500,MCLENNAN,Lacy-Lakeview Police Department,South,31.623929999999998,-97.10311,"31.62393,-97.10311",2019,human-trafficing,TX,0,0
2519,54,TX1550500,MCLENNAN,Lacy-Lakeview Police Department,South,31.623929999999998,-97.10311,"31.62393,-97.10311",2019,robbery,TX,0,2
2520,55,TX1551600,MCLENNAN,McLennan Community College,South,31.591955,-97.17414000000001,"31.591955,-97.17414",2019,rape,TX,0,0
2521,55,TX1551600,MCLENNAN,McLennan Community College,South,31.591955,-97.17414000000001,"31.591955,-97.17414",2019,aggravated-assault,TX,0,0
2522,55,TX1551600,MCLENNAN,McLennan Community College,South,31.591955,-97.17414000000001,"31.591955,-97.17414",2019,arson,TX,0,0
2523,55,TX1551600,MCLENNAN,McLennan Community College,South,31.591955,-97.17414000000001,"31.591955,-97.17414",2019,burglary,TX,0,1
2524,55,TX1551600,MCLENNAN,McLennan Community College,South,31.591955,-97.17414000000001,"31.591955,-97.17414",2019,homicide,TX,0,0
2525,55,TX1551600,MCLENNAN,McLennan Community College,South,31.591955,-97.17414000000001,"31.591955,-97.17414",2019,human-trafficing,TX,0,0
2526,55,TX1551600,MCLENNAN,McLennan Community College,South,31.591955,-97.17414000000001,"31.591955,-97.17414",2019,larceny,TX,0,8
2527,55,TX1551600,MCLENNAN,McLennan Community College,South,31.591955,-97.17414000000001,"31.591955,-97.17414",2019,motor-vehicle-theft,TX,0,0
2528,55,TX1551600,MCLENNAN,McLennan Community College,South,31.591955,-97.17414000000001,"31.591955,-97.17414",2019,property-crime,TX,0,9
2529,55,TX1551600,MCLENNAN,McLennan Community College,South,31.591955,-97.17414000000001,"31.591955,-97.17414",2019,violent-crime,TX,0,0
2530,55,TX1551600,MCLENNAN,McLennan Community College,South,31.591955,-97.17414000000001,"31.591955,-97.17414",2019,robbery,TX,0,0
2531,55,TX1551600,MCLENNAN,McLennan Community College,South,31.591955,-97.17414000000001,"31.591955,-97.17414",2019,rape-legacy,TX,0,0
2532,55,TX1551600,MCLENNAN,McLennan Community College,South,31.591955,-97.17414000000001,"31.591955,-97.17414",2018,larceny,TX,1,12
2533,55,TX1551600,MCLENNAN,McLennan Community College,South,31.591955,-97.17414000000001,"31.591955,-97.17414",2018,arson,TX,0,0
2534,55,TX1551600,MCLENNAN,McLennan Community College,South,31.591955,-97.17414000000001,"31.591955,-97.17414",2018,aggravated-assault,TX,1,1
2535,55,TX1551600,MCLENNAN,McLennan Community College,South,31.591955,-97.17414000000001,"31.591955,-97.17414",2018,robbery,TX,0,0
2536,55,TX1551600,MCLENNAN,McLennan Community College,South,31.591955,-97.17414000000001,"31.591955,-97.17414",2018,violent-crime,TX,1,1
2537,55,TX1551600,MCLENNAN,McLennan Community College,South,31.591955,-97.17414000000001,"31.591955,-97.17414",2018,human-trafficing,TX,0,0
2538,55,TX1551600,MCLENNAN,McLennan Community College,South,31.591955,-97.17414000000001,"31.591955,-97.17414",2018,rape-legacy,TX,0,0
2539,55,TX1551600,MCLENNAN,McLennan Community College,South,31.591955,-97.17414000000001,"31.591955,-97.17414",2018,homicide,TX,0,0
2540,55,TX1551600,MCLENNAN,McLennan Community College,South,31.591955,-97.17414000000001,"31.591955,-97.17414",2018,burglary,TX,1,2
2541,55,TX1551600,MCLENNAN,McLennan Community College,South,31.591955,-97.17414000000001,"31.591955,-97.17414",2018,rape,TX,0,0
2542,55,TX1551600,MCLENNAN,McLennan Community College,South,31.591955,-97.17414000000001,"31.591955,-97.17414",2018,property-crime,TX,2,14
2543,55,TX1551600,MCLENNAN,McLennan Community College,South,31.591955,-97.17414000000001,"31.591955,-97.17414",2018,motor-vehicle-theft,TX,0,0
2544,55,TX1551600,MCLENNAN,McLennan Community College,South,31.591955,-97.17414000000001,"31.591955,-97.17414",2018,larceny,TX,1,12
2545,55,TX1551600,MCLENNAN,McLennan Community College,South,31.591955,-97.17414000000001,"31.591955,-97.17414",2018,arson,TX,0,0
2546,55,TX1551600,MCLENNAN,McLennan Community College,South,31.591955,-97.17414000000001,"31.591955,-97.17414",2018,aggravated-assault,TX,1,1
2547,55,TX1551600,MCLENNAN,McLennan Community College,South,31.591955,-97.17414000000001,"31.591955,-97.17414",2018,robbery,TX,0,0
2548,55,TX1551600,MCLENNAN,McLennan Community College,South,31.591955,-97.17414000000001,"31.591955,-97.17414",2018,violent-crime,TX,1,1
2549,55,TX1551600,MCLENNAN,McLennan Community College,South,31.591955,-97.17414000000001,"31.591955,-97.17414",2018,human-trafficing,TX,0,0
2550,55,TX1551600,MCLENNAN,McLennan Community College,South,31.591955,-97.17414000000001,"31.591955,-97.17414",2018,rape-legacy,TX,0,0
2551,55,TX1551600,MCLENNAN,McLennan Community College,South,31.591955,-97.17414000000001,"31.591955,-97.17414",2018,homicide,TX,0,0
2552,55,TX1551600,MCLENNAN,McLennan Community College,South,31.591955,-97.17414000000001,"31.591955,-97.17414",2018,burglary,TX,1,2
2553,55,TX1551600,MCLENNAN,McLennan Community College,South,31.591955,-97.17414000000001,"31.591955,-97.17414",2018,rape,TX,0,0
2554,55,TX1551600,MCLENNAN,McLennan Community College,South,31.591955,-97.17414000000001,"31.591955,-97.17414",2018,property-crime,TX,2,14
2555,55,TX1551600,MCLENNAN,McLennan Community College,South,31.591955,-97.17414000000001,"31.591955,-97.17414",2018,motor-vehicle-theft,TX,0,0
2556,55,TX1551600,MCLENNAN,McLennan Community College,South,31.591955,-97.17414000000001,"31.591955,-97.17414",2019,rape,TX,0,0
2557,55,TX1551600,MCLENNAN,McLennan Community College,South,31.591955,-97.17414000000001,"31.591955,-97.17414",2019,aggravated-assault,TX,0,0
2558,55,TX1551600,MCLENNAN,McLennan Community College,South,31.591955,-97.17414000000001,"31.591955,-97.17414",2019,arson,TX,0,0
2559,55,TX1551600,MCLENNAN,McLennan Community College,South,31.591955,-97.17414000000001,"31.591955,-97.17414",2019,burglary,TX,0,1
2560,55,TX1551600,MCLENNAN,McLennan Community College,South,31.591955,-97.17414000000001,"31.591955,-97.17414",2019,homicide,TX,0,0
2561,55,TX1551600,MCLENNAN,McLennan Community College,South,31.591955,-97.17414000000001,"31.591955,-97.17414",2019,human-trafficing,TX,0,0
2562,55,TX1551600,MCLENNAN,McLennan Community College,South,31.591955,-97.17414000000001,"31.591955,-97.17414",2019,larceny,TX,0,8
2563,55,TX1551600,MCLENNAN,McLennan Community College,South,31.591955,-97.17414000000001,"31.591955,-97.17414",2019,motor-vehicle-theft,TX,0,0
2564,55,TX1551600,MCLENNAN,McLennan Community College,South,31.591955,-97.17414000000001,"31.591955,-97.17414",2019,property-crime,TX,0,9
2565,55,TX1551600,MCLENNAN,McLennan Community College,South,31.591955,-97.17414000000001,"31.591955,-97.17414",2019,violent-crime,TX,0,0
2566,55,TX1551600,MCLENNAN,McLennan Community College,South,31.591955,-97.17414000000001,"31.591955,-97.17414",2019,robbery,TX,0,0
2567,55,TX1551600,MCLENNAN,McLennan Community College,South,31.591955,-97.17414000000001,"31.591955,-97.17414",2019,rape-legacy,TX,0,0
2568,56,TX1551400,MCLENNAN,Woodway Police Department,South,31.506077,-97.22793,"31.506077,-97.22793",2019,larceny,TX,12,80
2569,56,TX1551400,MCLENNAN,Woodway Police Department,South,31.506077,-97.22793,"31.506077,-97.22793",2019,aggravated-assault,TX,8,10
2570,56,TX1551400,MCLENNAN,Woodway Police Department,South,31.506077,-97.22793,"31.506077,-97.22793",2019,arson,TX,0,0
2571,56,TX1551400,MCLENNAN,Woodway Police Department,South,31.506077,-97.22793,"31.506077,-97.22793",2019,burglary,TX,1,5
2572,56,TX1551400,MCLENNAN,Woodway Police Department,South,31.506077,-97.22793,"31.506077,-97.22793",2019,homicide,TX,0,0
2573,56,TX1551400,MCLENNAN,Woodway Police Department,South,31.506077,-97.22793,"31.506077,-97.22793",2019,human-trafficing,TX,0,0
2574,56,TX1551400,MCLENNAN,Woodway Police Department,South,31.506077,-97.22793,"31.506077,-97.22793",2019,motor-vehicle-theft,TX,2,6
2575,56,TX1551400,MCLENNAN,Woodway Police Department,South,31.506077,-97.22793,"31.506077,-97.22793",2019,property-crime,TX,15,91
2576,56,TX1551400,MCLENNAN,Woodway Police Department,South,31.506077,-97.22793,"31.506077,-97.22793",2019,rape,TX,1,6
2577,56,TX1551400,MCLENNAN,Woodway Police Department,South,31.506077,-97.22793,"31.506077,-97.22793",2019,rape-legacy,TX,0,5
2578,56,TX1551400,MCLENNAN,Woodway Police Department,South,31.506077,-97.22793,"31.506077,-97.22793",2019,robbery,TX,0,0
2579,56,TX1551400,MCLENNAN,Woodway Police Department,South,31.506077,-97.22793,"31.506077,-97.22793",2019,violent-crime,TX,9,21
2580,56,TX1551400,MCLENNAN,Woodway Police Department,South,31.506077,-97.22793,"31.506077,-97.22793",2018,homicide,TX,0,0
2581,56,TX1551400,MCLENNAN,Woodway Police Department,South,31.506077,-97.22793,"31.506077,-97.22793",2018,property-crime,TX,25,111
2582,56,TX1551400,MCLENNAN,Woodway Police Department,South,31.506077,-97.22793,"31.506077,-97.22793",2018,rape,TX,0,1
2583,56,TX1551400,MCLENNAN,Woodway Police Department,South,31.506077,-97.22793,"31.506077,-97.22793",2018,human-trafficing,TX,0,0
2584,56,TX1551400,MCLENNAN,Woodway Police Department,South,31.506077,-97.22793,"31.506077,-97.22793",2018,rape-legacy,TX,0,1
2585,56,TX1551400,MCLENNAN,Woodway Police Department,South,31.506077,-97.22793,"31.506077,-97.22793",2018,robbery,TX,1,1
2586,56,TX1551400,MCLENNAN,Woodway Police Department,South,31.506077,-97.22793,"31.506077,-97.22793",2018,violent-crime,TX,5,7
2587,56,TX1551400,MCLENNAN,Woodway Police Department,South,31.506077,-97.22793,"31.506077,-97.22793",2018,motor-vehicle-theft,TX,1,5
2588,56,TX1551400,MCLENNAN,Woodway Police Department,South,31.506077,-97.22793,"31.506077,-97.22793",2018,larceny,TX,24,100
2589,56,TX1551400,MCLENNAN,Woodway Police Department,South,31.506077,-97.22793,"31.506077,-97.22793",2018,burglary,TX,0,6
2590,56,TX1551400,MCLENNAN,Woodway Police Department,South,31.506077,-97.22793,"31.506077,-97.22793",2018,aggravated-assault,TX,4,4
2591,56,TX1551400,MCLENNAN,Woodway Police Department,South,31.506077,-97.22793,"31.506077,-97.22793",2018,arson,TX,1,1
2592,56,TX1551400,MCLENNAN,Woodway Police Department,South,31.506077,-97.22793,"31.506077,-97.22793",2018,homicide,TX,0,0
2593,56,TX1551400,MCLENNAN,Woodway Police Department,South,31.506077,-97.22793,"31.506077,-97.22793",2018,property-crime,TX,25,111
2594,56,TX1551400,MCLENNAN,Woodway Police Department,South,31.506077,-97.22793,"31.506077,-97.22793",2018,rape,TX,0,1
2595,56,TX1551400,MCLENNAN,Woodway Police Department,South,31.506077,-97.22793,"31.506077,-97.22793",2018,human-trafficing,TX,0,0
2596,56,TX1551400,MCLENNAN,Woodway Police Department,South,31.506077,-97.22793,"31.506077,-97.22793",2018,rape-legacy,TX,0,1
2597,56,TX1551400,MCLENNAN,Woodway Police Department,South,31.506077,-97.22793,"31.506077,-97.22793",2018,robbery,TX,1,1
2598,56,TX1551400,MCLENNAN,Woodway Police Department,South,31.506077,-97.22793,"31.506077,-97.22793",2018,violent-crime,TX,5,7
2599,56,TX1551400,MCLENNAN,Woodway Police Department,South,31.506077,-97.22793,"31.506077,-97.22793",2018,motor-vehicle-theft,TX,1,5
2600,56,TX1551400,MCLENNAN,Woodway Police Department,South,31.506077,-97.22793,"31.506077,-97.22793",2018,larceny,TX,24,100
2601,56,TX1551400,MCLENNAN,Woodway Police Department,South,31.506077,-97.22793,"31.506077,-97.22793",2018,burglary,TX,0,6
2602,56,TX1551400,MCLENNAN,Woodway Police Department,South,31.506077,-97.22793,"31.506077,-97.22793",2018,aggravated-assault,TX,4,4
2603,56,TX1551400,MCLENNAN,Woodway Police Department,South,31.506077,-97.22793,"31.506077,-97.22793",2018,arson,TX,1,1
2604,56,TX1551400,MCLENNAN,Woodway Police Department,South,31.506077,-97.22793,"31.506077,-97.22793",2019,larceny,TX,12,80
2605,56,TX1551400,MCLENNAN,Woodway Police Department,South,31.506077,-97.22793,"31.506077,-97.22793",2019,aggravated-assault,TX,8,10
2606,56,TX1551400,MCLENNAN,Woodway Police Department,South,31.506077,-97.22793,"31.506077,-97.22793",2019,arson,TX,0,0
2607,56,TX1551400,MCLENNAN,Woodway Police Department,South,31.506077,-97.22793,"31.506077,-97.22793",2019,burglary,TX,1,5
2608,56,TX1551400,MCLENNAN,Woodway Police Department,South,31.506077,-97.22793,"31.506077,-97.22793",2019,homicide,TX,0,0
2609,56,TX1551400,MCLENNAN,Woodway Police Department,South,31.506077,-97.22793,"31.506077,-97.22793",2019,human-trafficing,TX,0,0
2610,56,TX1551400,MCLENNAN,Woodway Police Department,South,31.506077,-97.22793,"31.506077,-97.22793",2019,motor-vehicle-theft,TX,2,6
2611,56,TX1551400,MCLENNAN,Woodway Police Department,South,31.506077,-97.22793,"31.506077,-97.22793",2019,property-crime,TX,15,91
2612,56,TX1551400,MCLENNAN,Woodway Police Department,South,31.506077,-97.22793,"31.506077,-97.22793",2019,rape,TX,1,6
2613,56,TX1551400,MCLENNAN,Woodway Police Department,South,31.506077,-97.22793,"31.506077,-97.22793",2019,rape-legacy,TX,0,5
2614,56,TX1551400,MCLENNAN,Woodway Police Department,South,31.506077,-97.22793,"31.506077,-97.22793",2019,robbery,TX,0,0
2615,56,TX1551400,MCLENNAN,Woodway Police Department,South,31.506077,-97.22793,"31.506077,-97.22793",2019,violent-crime,TX,9,21
2616,57,TX1550100,MCLENNAN,Bellmead Police Department,South,31.589613,-97.10078,"31.589613,-97.10078",2019,larceny,TX,267,514
2617,57,TX1550100,MCLENNAN,Bellmead Police Department,South,31.589613,-97.10078,"31.589613,-97.10078",2019,aggravated-assault,TX,37,73
2618,57,TX1550100,MCLENNAN,Bellmead Police Department,South,31.589613,-97.10078,"31.589613,-97.10078",2019,arson,TX,1,3
2619,57,TX1550100,MCLENNAN,Bellmead Police Department,South,31.589613,-97.10078,"31.589613,-97.10078",2019,burglary,TX,3,68
2620,57,TX1550100,MCLENNAN,Bellmead Police Department,South,31.589613,-97.10078,"31.589613,-97.10078",2019,homicide,TX,0,0
2621,57,TX1550100,MCLENNAN,Bellmead Police Department,South,31.589613,-97.10078,"31.589613,-97.10078",2019,human-trafficing,TX,0,0
2622,57,TX1550100,MCLENNAN,Bellmead Police Department,South,31.589613,-97.10078,"31.589613,-97.10078",2019,motor-vehicle-theft,TX,18,58
2623,57,TX1550100,MCLENNAN,Bellmead Police Department,South,31.589613,-97.10078,"31.589613,-97.10078",2019,property-crime,TX,288,640
2624,57,TX1550100,MCLENNAN,Bellmead Police Department,South,31.589613,-97.10078,"31.589613,-97.10078",2019,rape,TX,8,13
2625,57,TX1550100,MCLENNAN,Bellmead Police Department,South,31.589613,-97.10078,"31.589613,-97.10078",2019,rape-legacy,TX,6,11
2626,57,TX1550100,MCLENNAN,Bellmead Police Department,South,31.589613,-97.10078,"31.589613,-97.10078",2019,robbery,TX,8,13
2627,57,TX1550100,MCLENNAN,Bellmead Police Department,South,31.589613,-97.10078,"31.589613,-97.10078",2019,violent-crime,TX,59,110
2628,57,TX1550100,MCLENNAN,Bellmead Police Department,South,31.589613,-97.10078,"31.589613,-97.10078",2018,property-crime,TX,301,660
2629,57,TX1550100,MCLENNAN,Bellmead Police Department,South,31.589613,-97.10078,"31.589613,-97.10078",2018,rape,TX,7,16
2630,57,TX1550100,MCLENNAN,Bellmead Police Department,South,31.589613,-97.10078,"31.589613,-97.10078",2018,rape-legacy,TX,0,6
2631,57,TX1550100,MCLENNAN,Bellmead Police Department,South,31.589613,-97.10078,"31.589613,-97.10078",2018,robbery,TX,6,11
2632,57,TX1550100,MCLENNAN,Bellmead Police Department,South,31.589613,-97.10078,"31.589613,-97.10078",2018,larceny,TX,284,544
2633,57,TX1550100,MCLENNAN,Bellmead Police Department,South,31.589613,-97.10078,"31.589613,-97.10078",2018,human-trafficing,TX,0,0
2634,57,TX1550100,MCLENNAN,Bellmead Police Department,South,31.589613,-97.10078,"31.589613,-97.10078",2018,homicide,TX,0,0
2635,57,TX1550100,MCLENNAN,Bellmead Police Department,South,31.589613,-97.10078,"31.589613,-97.10078",2018,burglary,TX,8,77
2636,57,TX1550100,MCLENNAN,Bellmead Police Department,South,31.589613,-97.10078,"31.589613,-97.10078",2018,arson,TX,0,1
2637,57,TX1550100,MCLENNAN,Bellmead Police Department,South,31.589613,-97.10078,"31.589613,-97.10078",2018,aggravated-assault,TX,62,101
2638,57,TX1550100,MCLENNAN,Bellmead Police Department,South,31.589613,-97.10078,"31.589613,-97.10078",2018,violent-crime,TX,75,134
2639,57,TX1550100,MCLENNAN,Bellmead Police Department,South,31.589613,-97.10078,"31.589613,-97.10078",2018,motor-vehicle-theft,TX,9,39
2640,57,TX1550100,MCLENNAN,Bellmead Police Department,South,31.589613,-97.10078,"31.589613,-97.10078",2018,property-crime,TX,301,660
2641,57,TX1550100,MCLENNAN,Bellmead Police Department,South,31.589613,-97.10078,"31.589613,-97.10078",2018,rape,TX,7,16
2642,57,TX1550100,MCLENNAN,Bellmead Police Department,South,31.589613,-97.10078,"31.589613,-97.10078",2018,rape-legacy,TX,0,6
2643,57,TX1550100,MCLENNAN,Bellmead Police Department,South,31.589613,-97.10078,"31.589613,-97.10078",2018,robbery,TX,6,11
2644,57,TX1550100,MCLENNAN,Bellmead Police Department,South,31.589613,-97.10078,"31.589613,-97.10078",2018,larceny,TX,284,544
2645,57,TX1550100,MCLENNAN,Bellmead Police Department,South,31.589613,-97.10078,"31.589613,-97.10078",2018,human-trafficing,TX,0,0
2646,57,TX1550100,MCLENNAN,Bellmead Police Department,South,31.589613,-97.10078,"31.589613,-97.10078",2018,homicide,TX,0,0
2647,57,TX1550100,MCLENNAN,Bellmead Police Department,South,31.589613,-97.10078,"31.589613,-97.10078",2018,burglary,TX,8,77
2648,57,TX1550100,MCLENNAN,Bellmead Police Department,South,31.589613,-97.10078,"31.589613,-97.10078",2018,arson,TX,0,1
2649,57,TX1550100,MCLENNAN,Bellmead Police Department,South,31.589613,-97.10078,"31.589613,-97.10078",2018,aggravated-assault,TX,62,101
2650,57,TX1550100,MCLENNAN,Bellmead Police Department,South,31.589613,-97.10078,"31.589613,-97.10078",2018,violent-crime,TX,75,134
2651,57,TX1550100,MCLENNAN,Bellmead Police Department,South,31.589613,-97.10078,"31.589613,-97.10078",2018,motor-vehicle-theft,TX,9,39
2652,57,TX1550100,MCLENNAN,Bellmead Police Department,South,31.589613,-97.10078,"31.589613,-97.10078",2019,larceny,TX,267,514
2653,57,TX1550100,MCLENNAN,Bellmead Police Department,South,31.589613,-97.10078,"31.589613,-97.10078",2019,aggravated-assault,TX,37,73
2654,57,TX1550100,MCLENNAN,Bellmead Police Department,South,31.589613,-97.10078,"31.589613,-97.10078",2019,arson,TX,1,3
2655,57,TX1550100,MCLENNAN,Bellmead Police Department,South,31.589613,-97.10078,"31.589613,-97.10078",2019,burglary,TX,3,68
2656,57,TX1550100,MCLENNAN,Bellmead Police Department,South,31.589613,-97.10078,"31.589613,-97.10078",2019,homicide,TX,0,0
2657,57,TX1550100,MCLENNAN,Bellmead Police Department,South,31.589613,-97.10078,"31.589613,-97.10078",2019,human-trafficing,TX,0,0
2658,57,TX1550100,MCLENNAN,Bellmead Police Department,South,31.589613,-97.10078,"31.589613,-97.10078",2019,motor-vehicle-theft,TX,18,58
2659,57,TX1550100,MCLENNAN,Bellmead Police Department,South,31.589613,-97.10078,"31.589613,-97.10078",2019,property-crime,TX,288,640
2660,57,TX1550100,MCLENNAN,Bellmead Police Department,South,31.589613,-97.10078,"31.589613,-97.10078",2019,rape,TX,8,13
2661,57,TX1550100,MCLENNAN,Bellmead Police Department,South,31.589613,-97.10078,"31.589613,-97.10078",2019,rape-legacy,TX,6,11
2662,57,TX1550100,MCLENNAN,Bellmead Police Department,South,31.589613,-97.10078,"31.589613,-97.10078",2019,robbery,TX,8,13
2663,57,TX1550100,MCLENNAN,Bellmead Police Department,South,31.589613,-97.10078,"31.589613,-97.10078",2019,violent-crime,TX,59,110
2664,58,TX1551200,MCLENNAN,Waco Police Department,South,31.549493,-97.201472,"31.549493,-97.201472",2019,rape,TX,32,88
2665,58,TX1551200,MCLENNAN,Waco Police Department,South,31.549493,-97.201472,"31.549493,-97.201472",2019,violent-crime,TX,293,873
2666,58,TX1551200,MCLENNAN,Waco Police Department,South,31.549493,-97.201472,"31.549493,-97.201472",2019,robbery,TX,32,133
2667,58,TX1551200,MCLENNAN,Waco Police Department,South,31.549493,-97.201472,"31.549493,-97.201472",2019,rape-legacy,TX,26,74
2668,58,TX1551200,MCLENNAN,Waco Police Department,South,31.549493,-97.201472,"31.549493,-97.201472",2019,aggravated-assault,TX,198,568
2669,58,TX1551200,MCLENNAN,Waco Police Department,South,31.549493,-97.201472,"31.549493,-97.201472",2019,arson,TX,1,9
2670,58,TX1551200,MCLENNAN,Waco Police Department,South,31.549493,-97.201472,"31.549493,-97.201472",2019,burglary,TX,183,784
2671,58,TX1551200,MCLENNAN,Waco Police Department,South,31.549493,-97.201472,"31.549493,-97.201472",2019,homicide,TX,5,10
2672,58,TX1551200,MCLENNAN,Waco Police Department,South,31.549493,-97.201472,"31.549493,-97.201472",2019,human-trafficing,TX,0,0
2673,58,TX1551200,MCLENNAN,Waco Police Department,South,31.549493,-97.201472,"31.549493,-97.201472",2019,larceny,TX,919,3492
2674,58,TX1551200,MCLENNAN,Waco Police Department,South,31.549493,-97.201472,"31.549493,-97.201472",2019,motor-vehicle-theft,TX,56,323
2675,58,TX1551200,MCLENNAN,Waco Police Department,South,31.549493,-97.201472,"31.549493,-97.201472",2019,property-crime,TX,1158,4599
2676,58,TX1551200,MCLENNAN,Waco Police Department,South,31.549493,-97.201472,"31.549493,-97.201472",2018,rape,TX,28,129
2677,58,TX1551200,MCLENNAN,Waco Police Department,South,31.549493,-97.201472,"31.549493,-97.201472",2018,violent-crime,TX,261,836
2678,58,TX1551200,MCLENNAN,Waco Police Department,South,31.549493,-97.201472,"31.549493,-97.201472",2018,robbery,TX,23,121
2679,58,TX1551200,MCLENNAN,Waco Police Department,South,31.549493,-97.201472,"31.549493,-97.201472",2018,rape-legacy,TX,12,83
2680,58,TX1551200,MCLENNAN,Waco Police Department,South,31.549493,-97.201472,"31.549493,-97.201472",2018,aggravated-assault,TX,195,501
2681,58,TX1551200,MCLENNAN,Waco Police Department,South,31.549493,-97.201472,"31.549493,-97.201472",2018,property-crime,TX,932,4777
2682,58,TX1551200,MCLENNAN,Waco Police Department,South,31.549493,-97.201472,"31.549493,-97.201472",2018,motor-vehicle-theft,TX,58,328
2683,58,TX1551200,MCLENNAN,Waco Police Department,South,31.549493,-97.201472,"31.549493,-97.201472",2018,larceny,TX,764,3350
2684,58,TX1551200,MCLENNAN,Waco Police Department,South,31.549493,-97.201472,"31.549493,-97.201472",2018,human-trafficing,TX,0,0
2685,58,TX1551200,MCLENNAN,Waco Police Department,South,31.549493,-97.201472,"31.549493,-97.201472",2018,homicide,TX,3,2
2686,58,TX1551200,MCLENNAN,Waco Police Department,South,31.549493,-97.201472,"31.549493,-97.201472",2018,burglary,TX,110,1099
2687,58,TX1551200,MCLENNAN,Waco Police Department,South,31.549493,-97.201472,"31.549493,-97.201472",2018,arson,TX,1,20
2688,58,TX1551200,MCLENNAN,Waco Police Department,South,31.549493,-97.201472,"31.549493,-97.201472",2018,rape,TX,28,129
2689,58,TX1551200,MCLENNAN,Waco Police Department,South,31.549493,-97.201472,"31.549493,-97.201472",2018,violent-crime,TX,261,836
2690,58,TX1551200,MCLENNAN,Waco Police Department,South,31.549493,-97.201472,"31.549493,-97.201472",2018,robbery,TX,23,121
2691,58,TX1551200,MCLENNAN,Waco Police Department,South,31.549493,-97.201472,"31.549493,-97.201472",2018,rape-legacy,TX,12,83
2692,58,TX1551200,MCLENNAN,Waco Police Department,South,31.549493,-97.201472,"31.549493,-97.201472",2018,aggravated-assault,TX,195,501
2693,58,TX1551200,MCLENNAN,Waco Police Department,South,31.549493,-97.201472,"31.549493,-97.201472",2018,property-crime,TX,932,4777
2694,58,TX1551200,MCLENNAN,Waco Police Department,South,31.549493,-97.201472,"31.549493,-97.201472",2018,motor-vehicle-theft,TX,58,328
2695,58,TX1551200,MCLENNAN,Waco Police Department,South,31.549493,-97.201472,"31.549493,-97.201472",2018,larceny,TX,764,3350
2696,58,TX1551200,MCLENNAN,Waco Police Department,South,31.549493,-97.201472,"31.549493,-97.201472",2018,human-trafficing,TX,0,0
2697,58,TX1551200,MCLENNAN,Waco Police Department,South,31.549493,-97.201472,"31.549493,-97.201472",2018,homicide,TX,3,2
2698,58,TX1551200,MCLENNAN,Waco Police Department,South,31.549493,-97.201472,"31.549493,-97.201472",2018,burglary,TX,110,1099
2699,58,TX1551200,MCLENNAN,Waco Police Department,South,31.549493,-97.201472,"31.549493,-97.201472",2018,arson,TX,1,20
2700,58,TX1551200,MCLENNAN,Waco Police Department,South,31.549493,-97.201472,"31.549493,-97.201472",2019,rape,TX,32,88
2701,58,TX1551200,MCLENNAN,Waco Police Department,South,31.549493,-97.201472,"31.549493,-97.201472",2019,violent-crime,TX,293,873
2702,58,TX1551200,MCLENNAN,Waco Police Department,South,31.549493,-97.201472,"31.549493,-97.201472",2019,robbery,TX,32,133
2703,58,TX1551200,MCLENNAN,Waco Police Department,South,31.549493,-97.201472,"31.549493,-97.201472",2019,rape-legacy,TX,26,74
2704,58,TX1551200,MCLENNAN,Waco Police Department,South,31.549493,-97.201472,"31.549493,-97.201472",2019,aggravated-assault,TX,198,568
2705,58,TX1551200,MCLENNAN,Waco Police Department,South,31.549493,-97.201472,"31.549493,-97.201472",2019,arson,TX,1,9
2706,58,TX1551200,MCLENNAN,Waco Police Department,South,31.549493,-97.201472,"31.549493,-97.201472",2019,burglary,TX,183,784
2707,58,TX1551200,MCLENNAN,Waco Police Department,South,31.549493,-97.201472,"31.549493,-97.201472",2019,homicide,TX,5,10
2708,58,TX1551200,MCLENNAN,Waco Police Department,South,31.549493,-97.201472,"31.549493,-97.201472",2019,human-trafficing,TX,0,0
2709,58,TX1551200,MCLENNAN,Waco Police Department,South,31.549493,-97.201472,"31.549493,-97.201472",2019,larceny,TX,919,3492
2710,58,TX1551200,MCLENNAN,Waco Police Department,South,31.549493,-97.201472,"31.549493,-97.201472",2019,motor-vehicle-theft,TX,56,323
2711,58,TX1551200,MCLENNAN,Waco Police Department,South,31.549493,-97.201472,"31.549493,-97.201472",2019,property-crime,TX,1158,4599
